2026-09-05T19:44:09.1032101Z Current runner version: '2.337.0'
2026-09-05T19:44:09.1068200Z ##[group]Runner Image Provisioner
2026-09-05T19:44:09.1069528Z Hosted Compute Agent
2026-09-05T19:44:09.1070599Z Version: 20260828.587
2026-09-05T19:44:09.1071667Z Commit: abac92662cab4cc7352de4f9f9d2e2419aad9c29
2026-09-05T19:44:09.1072962Z Build Date: 2026-08-28T16:44:25Z
2026-09-05T19:44:09.1074237Z Worker ID: {f8934b99-44ec-4898-b60a-5a7b146c8448}
2026-09-05T19:44:09.1075720Z Azure Region: eastus
2026-09-05T19:44:09.1076752Z ##[endgroup]
2026-09-05T19:44:09.1079141Z ##[group]Operating System
2026-09-05T19:44:09.1080204Z Ubuntu
2026-09-05T19:44:09.1081094Z 24.04.4
2026-09-05T19:44:09.1081948Z LTS
2026-09-05T19:44:09.1082857Z ##[endgroup]
2026-09-05T19:44:09.1083753Z ##[group]Runner Image
2026-09-05T19:44:09.1084925Z Image: ubuntu-24.04
2026-09-05T19:44:09.1086125Z Version: 20260831.293.1
2026-09-05T19:44:09.1088376Z Included Software: https://github.com/actions/runner-images/blob/ubuntu24/20260831.293/images/ubuntu/Ubuntu2404-Readme.md
2026-09-05T19:44:09.1091715Z Image Release: https://github.com/actions/runner-images/releases/tag/ubuntu24%2F20260831.293
2026-09-05T19:44:09.1093415Z ##[endgroup]
2026-09-05T19:44:09.1095689Z ##[group]GITHUB_TOKEN Permissions
2026-09-05T19:44:09.1098825Z Contents: read
2026-09-05T19:44:09.1099734Z Metadata: read
2026-09-05T19:44:09.1100730Z Packages: read
2026-09-05T19:44:09.1101670Z ##[endgroup]
2026-09-05T19:44:09.1104803Z Secret source: Actions
2026-09-05T19:44:09.1107090Z Prepare workflow directory
2026-09-05T19:44:09.1669498Z Prepare all required actions
2026-09-05T19:44:09.1728119Z Getting action download info
2026-09-05T19:44:09.3318106Z Download action repository 'actions/checkout@v4' (SHA:11d5960a326750d5838078e36cf38b85af677262)
2026-09-05T19:44:09.4682369Z Download action repository 'dtolnay/rust-toolchain@stable' (SHA:6bed0761d98439e5a578e2877258200ad565ba87)
2026-09-05T19:44:09.5601932Z Download action repository 'Swatinem/rust-cache@v2' (SHA:6323deb102c322ba6fcbdcafc7e3dddab59af2b6)
2026-09-05T19:44:09.8535914Z Complete job name: Rust (check + test build)
2026-09-05T19:44:09.9309398Z Node 20 is being deprecated. This workflow is running with Node 24 by default. If you need to temporarily use Node 20, you can set the ACTIONS_ALLOW_USE_UNSECURE_NODE_VERSION=true environment variable. For more information see: https://github.blog/changelog/2025-09-19-deprecation-of-node-20-on-github-actions-runners/
2026-09-05T19:44:09.9318064Z ##[group]Run actions/checkout@v4
2026-09-05T19:44:09.9318800Z with:
2026-09-05T19:44:09.9319246Z   repository: legacy-king/freebuff
2026-09-05T19:44:09.9322965Z   token: ***
2026-09-05T19:44:09.9323399Z   ssh-strict: true
2026-09-05T19:44:09.9323826Z   ssh-user: git
2026-09-05T19:44:09.9324265Z   persist-credentials: true
2026-09-05T19:44:09.9324752Z   clean: true
2026-09-05T19:44:09.9325403Z   sparse-checkout-cone-mode: true
2026-09-05T19:44:09.9325922Z   fetch-depth: 1
2026-09-05T19:44:09.9326347Z   fetch-tags: false
2026-09-05T19:44:09.9326785Z   show-progress: true
2026-09-05T19:44:09.9327243Z   lfs: false
2026-09-05T19:44:09.9327677Z   submodules: false
2026-09-05T19:44:09.9328117Z   set-safe-directory: true
2026-09-05T19:44:09.9328611Z   allow-unsafe-pr-checkout: false
2026-09-05T19:44:09.9329368Z env:
2026-09-05T19:44:09.9329774Z   CARGO_TERM_COLOR: always
2026-09-05T19:44:09.9330237Z ##[endgroup]
2026-09-05T19:44:10.0376443Z Syncing repository: legacy-king/freebuff
2026-09-05T19:44:10.0378302Z ##[group]Getting Git version info
2026-09-05T19:44:10.0379199Z Working directory is '/home/runner/work/freebuff/freebuff'
2026-09-05T19:44:10.0380210Z [command]/usr/bin/git version
2026-09-05T19:44:10.0451532Z git version 2.55.0
2026-09-05T19:44:10.0474032Z ##[endgroup]
2026-09-05T19:44:10.0489404Z Temporarily overriding HOME='/home/runner/work/_temp/f7743993-839e-4259-8a93-3ba401a70e09' before making global git config changes
2026-09-05T19:44:10.0491874Z Adding repository directory to the temporary git global config as a safe directory
2026-09-05T19:44:10.0495716Z [command]/usr/bin/git config --global --add safe.directory /home/runner/work/freebuff/freebuff
2026-09-05T19:44:10.0554405Z Deleting the contents of '/home/runner/work/freebuff/freebuff'
2026-09-05T19:44:10.0577063Z ##[group]Initializing the repository
2026-09-05T19:44:10.0606277Z [command]/usr/bin/git init /home/runner/work/freebuff/freebuff
2026-09-05T19:44:10.0709504Z hint: Using 'master' as the name for the initial branch. This default branch name
2026-09-05T19:44:10.0711646Z hint: will change to "main" in Git 3.0. To configure the initial branch name
2026-09-05T19:44:10.0714583Z hint: to use in all of your new repositories, which will suppress this warning,
2026-09-05T19:44:10.0716175Z hint: call:
2026-09-05T19:44:10.0716918Z hint:
2026-09-05T19:44:10.0717862Z hint: 	git config --global init.defaultBranch <name>
2026-09-05T19:44:10.0718991Z hint:
2026-09-05T19:44:10.0720000Z hint: Names commonly chosen instead of 'master' are 'main', 'trunk' and
2026-09-05T19:44:10.0721625Z hint: 'development'. The just-created branch can be renamed via this command:
2026-09-05T19:44:10.0722950Z hint:
2026-09-05T19:44:10.0723653Z hint: 	git branch -m <name>
2026-09-05T19:44:10.0724442Z hint:
2026-09-05T19:44:10.0725748Z hint: Disable this message with "git config set advice.defaultBranchName false"
2026-09-05T19:44:10.0727854Z Initialized empty Git repository in /home/runner/work/freebuff/freebuff/.git/
2026-09-05T19:44:10.0731533Z [command]/usr/bin/git remote add origin https://github.com/legacy-king/freebuff
2026-09-05T19:44:10.0804366Z ##[endgroup]
2026-09-05T19:44:10.0806118Z ##[group]Disabling automatic garbage collection
2026-09-05T19:44:10.0809820Z [command]/usr/bin/git config --local gc.auto 0
2026-09-05T19:44:10.0851840Z ##[endgroup]
2026-09-05T19:44:10.0853238Z ##[group]Setting up auth
2026-09-05T19:44:10.0863866Z [command]/usr/bin/git config --local --name-only --get-regexp core\.sshCommand
2026-09-05T19:44:10.0916913Z [command]/usr/bin/git submodule foreach --recursive sh -c "git config --local --name-only --get-regexp 'core\.sshCommand' && git config --local --unset-all 'core.sshCommand' || :"
2026-09-05T19:44:10.1423495Z [command]/usr/bin/git config --local --name-only --get-regexp http\.https\:\/\/github\.com\/\.extraheader
2026-09-05T19:44:10.1459670Z [command]/usr/bin/git submodule foreach --recursive sh -c "git config --local --name-only --get-regexp 'http\.https\:\/\/github\.com\/\.extraheader' && git config --local --unset-all 'http.https://github.com/.extraheader' || :"
2026-09-05T19:44:10.1707305Z [command]/usr/bin/git config --local --name-only --get-regexp ^includeIf\.gitdir:
2026-09-05T19:44:10.1751002Z [command]/usr/bin/git submodule foreach --recursive git config --local --show-origin --name-only --get-regexp remote.origin.url
2026-09-05T19:44:10.2002012Z [command]/usr/bin/git config --local http.https://github.com/.extraheader AUTHORIZATION: basic ***
2026-09-05T19:44:10.2045296Z ##[endgroup]
2026-09-05T19:44:10.2046308Z ##[group]Fetching the repository
2026-09-05T19:44:10.2056357Z [command]/usr/bin/git -c protocol.version=2 fetch --no-tags --prune --no-recurse-submodules --depth=1 origin +ca1f20edf62d9a9b0cfed6d0b6d33a6a4c8aec45:refs/remotes/origin/main
2026-09-05T19:44:10.4392113Z From https://github.com/legacy-king/freebuff
2026-09-05T19:44:10.4393166Z  * [new ref]         ca1f20edf62d9a9b0cfed6d0b6d33a6a4c8aec45 -> origin/main
2026-09-05T19:44:10.4396874Z ##[endgroup]
2026-09-05T19:44:10.4397701Z ##[group]Determining the checkout info
2026-09-05T19:44:10.4399757Z ##[endgroup]
2026-09-05T19:44:10.4405406Z [command]/usr/bin/git sparse-checkout disable
2026-09-05T19:44:10.4511972Z [command]/usr/bin/git config --local --unset-all extensions.worktreeConfig
2026-09-05T19:44:10.4514919Z ##[group]Checking out the ref
2026-09-05T19:44:10.4516404Z [command]/usr/bin/git checkout --progress --force -B main refs/remotes/origin/main
2026-09-05T19:44:10.4674827Z Switched to a new branch 'main'
2026-09-05T19:44:10.4678779Z branch 'main' set up to track 'origin/main'.
2026-09-05T19:44:10.4697456Z ##[endgroup]
2026-09-05T19:44:10.4734281Z [command]/usr/bin/git log -1 --format=%H
2026-09-05T19:44:10.4763898Z ca1f20edf62d9a9b0cfed6d0b6d33a6a4c8aec45
2026-09-05T19:44:10.5425755Z ##[group]Run dtolnay/rust-toolchain@stable
2026-09-05T19:44:10.5426656Z with:
2026-09-05T19:44:10.5427122Z   toolchain: stable
2026-09-05T19:44:10.5427630Z env:
2026-09-05T19:44:10.5428078Z   CARGO_TERM_COLOR: always
2026-09-05T19:44:10.5428668Z ##[endgroup]
2026-09-05T19:44:10.5507604Z ##[start-action display=Parse toolchain version;id=__dtolnay_rust-toolchain.parse]
2026-09-05T19:44:10.5578404Z ##[group]Run if [[ -z $toolchain ]]; then
2026-09-05T19:44:10.5579328Z [36;1mif [[ -z $toolchain ]]; then[0m
2026-09-05T19:44:10.5580828Z [36;1m  # GitHub does not enforce `required: true` inputs itself. https://github.com/actions/runner/issues/1070[0m
2026-09-05T19:44:10.5582456Z [36;1m  echo "'toolchain' is a required input" >&2[0m
2026-09-05T19:44:10.5583286Z [36;1m  exit 1[0m
2026-09-05T19:44:10.5584185Z [36;1melif [[ $toolchain =~ ^stable' '[0-9]+' '(year|month|week|day)s?' 'ago$ ]]; then[0m
2026-09-05T19:44:10.5585825Z [36;1m  if [[ Linux == macOS ]]; then[0m
2026-09-05T19:44:10.5587420Z [36;1m    echo "toolchain=1.$((($(date -v-$(sed 's/stable \([0-9]*\) \(.\).*/\1\2/' <<< $toolchain) +%s)/60/60/24-16569)/7/6))" >> $GITHUB_OUTPUT[0m
2026-09-05T19:44:10.5588966Z [36;1m  else[0m
2026-09-05T19:44:10.5590119Z [36;1m    echo "toolchain=1.$((($(date --date "${toolchain#stable }" +%s)/60/60/24-16569)/7/6))" >> $GITHUB_OUTPUT[0m
2026-09-05T19:44:10.5591489Z [36;1m  fi[0m
2026-09-05T19:44:10.5592288Z [36;1melif [[ $toolchain =~ ^stable' 'minus' '[0-9]+' 'releases?$ ]]; then[0m
2026-09-05T19:44:10.5593860Z [36;1m  echo "toolchain=1.$((($(date +%s)/60/60/24-16569)/7/6-${toolchain//[^0-9]/}))" >> $GITHUB_OUTPUT[0m
2026-09-05T19:44:10.5595486Z [36;1melif [[ $toolchain =~ ^1\.[0-9]+$ ]]; then[0m
2026-09-05T19:44:10.5597085Z [36;1m  echo "toolchain=1.$((i=${toolchain#1.}, c=($(date +%s)/60/60/24-16569)/7/6, i+9*i*(10*i<=c)+90*i*(100*i<=c)))" >> $GITHUB_OUTPUT[0m
2026-09-05T19:44:10.5598618Z [36;1melse[0m
2026-09-05T19:44:10.5599257Z [36;1m  echo "toolchain=$toolchain" >> $GITHUB_OUTPUT[0m
2026-09-05T19:44:10.5600087Z [36;1mfi[0m
2026-09-05T19:44:10.5641874Z shell: /usr/bin/bash --noprofile --norc -e -o pipefail {0}
2026-09-05T19:44:10.5642815Z env:
2026-09-05T19:44:10.5643263Z   CARGO_TERM_COLOR: always
2026-09-05T19:44:10.5643913Z   toolchain: stable
2026-09-05T19:44:10.5644472Z ##[endgroup]
2026-09-05T19:44:10.5767173Z ##[end-action id=__dtolnay_rust-toolchain.parse;outcome=success;conclusion=success;duration_ms=25]
2026-09-05T19:44:10.5782980Z ##[start-action display=Construct rustup command line;id=__dtolnay_rust-toolchain.flags]
2026-09-05T19:44:10.5823859Z ##[group]Run echo "targets=$(for t in ${targets//,/ }; do echo -n ' --target' $t; done)" >> $GITHUB_OUTPUT
2026-09-05T19:44:10.5826114Z [36;1mecho "targets=$(for t in ${targets//,/ }; do echo -n ' --target' $t; done)" >> $GITHUB_OUTPUT[0m
2026-09-05T19:44:10.5828039Z [36;1mecho "components=$(for c in ${components//,/ }; do echo -n ' --component' $c; done)" >> $GITHUB_OUTPUT[0m
2026-09-05T19:44:10.5829522Z [36;1mecho "downgrade=" >> $GITHUB_OUTPUT[0m
2026-09-05T19:44:10.5865553Z shell: /usr/bin/bash --noprofile --norc -e -o pipefail {0}
2026-09-05T19:44:10.5866483Z env:
2026-09-05T19:44:10.5866948Z   CARGO_TERM_COLOR: always
2026-09-05T19:44:10.5867522Z   targets: 
2026-09-05T19:44:10.5867977Z   components: 
2026-09-05T19:44:10.5868450Z ##[endgroup]
2026-09-05T19:44:10.5950662Z ##[end-action id=__dtolnay_rust-toolchain.flags;outcome=success;conclusion=success;duration_ms=16]
2026-09-05T19:44:10.5956153Z ##[start-action display=Set $CARGO_HOME;id=__dtolnay_rust-toolchain.__run]
2026-09-05T19:44:10.5987242Z ##[group]Run echo CARGO_HOME=${CARGO_HOME:-"$HOME/.cargo"} >> $GITHUB_ENV
2026-09-05T19:44:10.5988565Z [36;1mecho CARGO_HOME=${CARGO_HOME:-"$HOME/.cargo"} >> $GITHUB_ENV[0m
2026-09-05T19:44:10.6025384Z shell: /usr/bin/bash --noprofile --norc -e -o pipefail {0}
2026-09-05T19:44:10.6026338Z env:
2026-09-05T19:44:10.6026996Z   CARGO_TERM_COLOR: always
2026-09-05T19:44:10.6027575Z ##[endgroup]
2026-09-05T19:44:10.6103218Z ##[end-action id=__dtolnay_rust-toolchain.__run;outcome=success;conclusion=success;duration_ms=14]
2026-09-05T19:44:10.6108722Z ##[start-action display=Install rustup if needed;id=__dtolnay_rust-toolchain.__run_2]
2026-09-05T19:44:10.6148790Z ##[group]Run if ! command -v rustup &>/dev/null; then
2026-09-05T19:44:10.6149752Z [36;1mif ! command -v rustup &>/dev/null; then[0m
2026-09-05T19:44:10.6151953Z [36;1m  curl --proto '=https' --tlsv1.2 --retry 10 --retry-connrefused --location --silent --show-error --fail https://sh.rustup.rs | sh -s -- --default-toolchain none -y[0m
2026-09-05T19:44:10.6154122Z [36;1m  echo "$CARGO_HOME/bin" >> $GITHUB_PATH[0m
2026-09-05T19:44:10.6154878Z [36;1mfi[0m
2026-09-05T19:44:10.6190765Z shell: /usr/bin/bash --noprofile --norc -e -o pipefail {0}
2026-09-05T19:44:10.6191657Z env:
2026-09-05T19:44:10.6192098Z   CARGO_TERM_COLOR: always
2026-09-05T19:44:10.6192722Z   CARGO_HOME: /home/runner/.cargo
2026-09-05T19:44:10.6193352Z ##[endgroup]
2026-09-05T19:44:10.6267014Z ##[end-action id=__dtolnay_rust-toolchain.__run_2;outcome=success;conclusion=success;duration_ms=15]
2026-09-05T19:44:10.6271889Z ##[start-action display=Install rustup if needed on windows;id=__dtolnay_rust-toolchain.__run_3]
2026-09-05T19:44:10.6283576Z ##[end-action id=__dtolnay_rust-toolchain.__run_3;outcome=skipped;conclusion=skipped;duration_ms=0]
2026-09-05T19:44:10.6298552Z ##[start-action display=rustup toolchain install stable;id=__dtolnay_rust-toolchain.__run_4]
2026-09-05T19:44:10.6329644Z ##[group]Run rustup toolchain install stable --profile minimal --no-self-update
2026-09-05T19:44:10.6331196Z [36;1mrustup toolchain install stable --profile minimal --no-self-update[0m
2026-09-05T19:44:10.6367461Z shell: /usr/bin/bash --noprofile --norc -e -o pipefail {0}
2026-09-05T19:44:10.6368338Z env:
2026-09-05T19:44:10.6368771Z   CARGO_TERM_COLOR: always
2026-09-05T19:44:10.6369372Z   CARGO_HOME: /home/runner/.cargo
2026-09-05T19:44:10.6370048Z   RUSTUP_PERMIT_COPY_RENAME: 1
2026-09-05T19:44:10.6370669Z ##[endgroup]
2026-09-05T19:44:10.8891150Z info: syncing channel updates for stable-x86_64-unknown-linux-gnu
2026-09-05T19:44:11.0358287Z info: latest update on 2026-09-03 for version 1.98.1 (48a229cea 2026-09-01)
2026-09-05T19:44:11.0506638Z info: removing previous version of component clippy
2026-09-05T19:44:11.0527842Z info: removing previous version of component rustfmt
2026-09-05T19:44:11.0539541Z info: removing previous version of component cargo
2026-09-05T19:44:11.0589885Z info: removing previous version of component rust-std
2026-09-05T19:44:11.0644689Z info: removing previous version of component rustc
2026-09-05T19:44:11.0697663Z info: downloading 5 components
2026-09-05T19:44:19.2577571Z 
2026-09-05T19:44:19.2655377Z   stable-x86_64-unknown-linux-gnu updated - rustc 1.98.1 (48a229cea 2026-09-01) (from rustc 1.98.0 (88d9e12ae 2026-08-18))
2026-09-05T19:44:19.2656325Z 
2026-09-05T19:44:19.2732632Z ##[end-action id=__dtolnay_rust-toolchain.__run_4;outcome=success;conclusion=success;duration_ms=8643]
2026-09-05T19:44:19.2744527Z ##[start-action display=rustup default stable;id=__dtolnay_rust-toolchain.__run_5]
2026-09-05T19:44:19.2774872Z ##[group]Run rustup default stable
2026-09-05T19:44:19.2775508Z [36;1mrustup default stable[0m
2026-09-05T19:44:19.2812775Z shell: /usr/bin/bash --noprofile --norc -e -o pipefail {0}
2026-09-05T19:44:19.2813157Z env:
2026-09-05T19:44:19.2813357Z   CARGO_TERM_COLOR: always
2026-09-05T19:44:19.2813602Z   CARGO_HOME: /home/runner/.cargo
2026-09-05T19:44:19.2813850Z ##[endgroup]
2026-09-05T19:44:19.2922895Z info: using existing install for stable-x86_64-unknown-linux-gnu
2026-09-05T19:44:19.2930389Z info: default toolchain set to stable-x86_64-unknown-linux-gnu
2026-09-05T19:44:19.2930927Z 
2026-09-05T19:44:19.2996927Z   stable-x86_64-unknown-linux-gnu unchanged - rustc 1.98.1 (48a229cea 2026-09-01)
2026-09-05T19:44:19.2997698Z 
2026-09-05T19:44:19.3014660Z ##[end-action id=__dtolnay_rust-toolchain.__run_5;outcome=success;conclusion=success;duration_ms=26]
2026-09-05T19:44:19.3018329Z ##[start-action display=Create cachekey;id=__dtolnay_rust-toolchain.rustc-version]
2026-09-05T19:44:19.3040461Z ##[group]Run DATE=$(rustc +stable --version --verbose | sed -ne 's/^commit-date: \(20[0-9][0-9]\)-\([01][0-9]\)-\([0-3][0-9]\)$/\1\2\3/p')
2026-09-05T19:44:19.3041284Z [36;1mDATE=$(rustc +stable --version --verbose | sed -ne 's/^commit-date: \(20[0-9][0-9]\)-\([01][0-9]\)-\([0-3][0-9]\)$/\1\2\3/p')[0m
2026-09-05T19:44:19.3041932Z [36;1mHASH=$(rustc +stable --version --verbose | sed -ne 's/^commit-hash: //p')[0m
2026-09-05T19:44:19.3042426Z [36;1mecho "cachekey=$(echo $DATE$HASH | head -c12)" >> $GITHUB_OUTPUT[0m
2026-09-05T19:44:19.3080112Z shell: /usr/bin/bash --noprofile --norc -e -o pipefail {0}
2026-09-05T19:44:19.3080455Z env:
2026-09-05T19:44:19.3080650Z   CARGO_TERM_COLOR: always
2026-09-05T19:44:19.3080908Z   CARGO_HOME: /home/runner/.cargo
2026-09-05T19:44:19.3081168Z ##[endgroup]
2026-09-05T19:44:19.3418404Z ##[end-action id=__dtolnay_rust-toolchain.rustc-version;outcome=success;conclusion=success;duration_ms=39]
2026-09-05T19:44:19.3421157Z ##[start-action display=Disable incremental compilation;id=__dtolnay_rust-toolchain.__run_6]
2026-09-05T19:44:19.3440814Z ##[group]Run if [ -z "${CARGO_INCREMENTAL+set}" ]; then
2026-09-05T19:44:19.3441208Z [36;1mif [ -z "${CARGO_INCREMENTAL+set}" ]; then[0m
2026-09-05T19:44:19.3441533Z [36;1m  echo CARGO_INCREMENTAL=0 >> $GITHUB_ENV[0m
2026-09-05T19:44:19.3441814Z [36;1mfi[0m
2026-09-05T19:44:19.3478949Z shell: /usr/bin/bash --noprofile --norc -e -o pipefail {0}
2026-09-05T19:44:19.3479296Z env:
2026-09-05T19:44:19.3479496Z   CARGO_TERM_COLOR: always
2026-09-05T19:44:19.3479737Z   CARGO_HOME: /home/runner/.cargo
2026-09-05T19:44:19.3479980Z ##[endgroup]
2026-09-05T19:44:19.3568873Z ##[end-action id=__dtolnay_rust-toolchain.__run_6;outcome=success;conclusion=success;duration_ms=14]
2026-09-05T19:44:19.3571267Z ##[start-action display=Enable colors in Cargo output;id=__dtolnay_rust-toolchain.__run_7]
2026-09-05T19:44:19.3592022Z ##[group]Run if [ -z "${CARGO_TERM_COLOR+set}" ]; then
2026-09-05T19:44:19.3592406Z [36;1mif [ -z "${CARGO_TERM_COLOR+set}" ]; then[0m
2026-09-05T19:44:19.3592743Z [36;1m  echo CARGO_TERM_COLOR=always >> $GITHUB_ENV[0m
2026-09-05T19:44:19.3593031Z [36;1mfi[0m
2026-09-05T19:44:19.3629965Z shell: /usr/bin/bash --noprofile --norc -e -o pipefail {0}
2026-09-05T19:44:19.3630309Z env:
2026-09-05T19:44:19.3630504Z   CARGO_TERM_COLOR: always
2026-09-05T19:44:19.3630747Z   CARGO_HOME: /home/runner/.cargo
2026-09-05T19:44:19.3630998Z   CARGO_INCREMENTAL: 0
2026-09-05T19:44:19.3631206Z ##[endgroup]
2026-09-05T19:44:19.3695565Z ##[end-action id=__dtolnay_rust-toolchain.__run_7;outcome=success;conclusion=success;duration_ms=12]
2026-09-05T19:44:19.3698055Z ##[start-action display=Enable Cargo sparse registry;id=__dtolnay_rust-toolchain.__run_8]
2026-09-05T19:44:19.3719895Z ##[group]Run # implemented in 1.66, stabilized in 1.68, made default in 1.70
2026-09-05T19:44:19.3720450Z [36;1m# implemented in 1.66, stabilized in 1.68, made default in 1.70[0m
2026-09-05T19:44:19.3721161Z [36;1mif [ -z "${CARGO_REGISTRIES_CRATES_IO_PROTOCOL+set}" -o -f "/home/runner/work/_temp"/.implicit_cargo_registries_crates_io_protocol ]; then[0m
2026-09-05T19:44:19.3721882Z [36;1m  if rustc +stable --version --verbose | grep -q '^release: 1\.6[89]\.'; then[0m
2026-09-05T19:44:19.3722450Z [36;1m    touch "/home/runner/work/_temp"/.implicit_cargo_registries_crates_io_protocol || true[0m
2026-09-05T19:44:19.3722984Z [36;1m    echo CARGO_REGISTRIES_CRATES_IO_PROTOCOL=sparse >> $GITHUB_ENV[0m
2026-09-05T19:44:19.3723487Z [36;1m  elif rustc +stable --version --verbose | grep -q '^release: 1\.6[67]\.'; then[0m
2026-09-05T19:44:19.3724050Z [36;1m    touch "/home/runner/work/_temp"/.implicit_cargo_registries_crates_io_protocol || true[0m
2026-09-05T19:44:19.3724571Z [36;1m    echo CARGO_REGISTRIES_CRATES_IO_PROTOCOL=git >> $GITHUB_ENV[0m
2026-09-05T19:44:19.3725381Z [36;1m  fi[0m
2026-09-05T19:44:19.3725621Z [36;1mfi[0m
2026-09-05T19:44:19.3762862Z shell: /usr/bin/bash --noprofile --norc -e -o pipefail {0}
2026-09-05T19:44:19.3763211Z env:
2026-09-05T19:44:19.3763415Z   CARGO_TERM_COLOR: always
2026-09-05T19:44:19.3763660Z   CARGO_HOME: /home/runner/.cargo
2026-09-05T19:44:19.3763914Z   CARGO_INCREMENTAL: 0
2026-09-05T19:44:19.3764125Z ##[endgroup]
2026-09-05T19:44:19.4083787Z ##[end-action id=__dtolnay_rust-toolchain.__run_8;outcome=success;conclusion=success;duration_ms=38]
2026-09-05T19:44:19.4087019Z ##[start-action display=Work around spurious network errors in curl 8.0;id=__dtolnay_rust-toolchain.__run_9]
2026-09-05T19:44:19.4108628Z ##[group]Run # https://rust-lang.zulipchat.com/#narrow/stream/246057-t-cargo/topic/timeout.20investigation
2026-09-05T19:44:19.4109423Z [36;1m# https://rust-lang.zulipchat.com/#narrow/stream/246057-t-cargo/topic/timeout.20investigation[0m
2026-09-05T19:44:19.4110039Z [36;1mif rustc +stable --version --verbose | grep -q '^release: 1\.7[01]\.'; then[0m
2026-09-05T19:44:19.4110523Z [36;1m  echo CARGO_HTTP_MULTIPLEXING=false >> $GITHUB_ENV[0m
2026-09-05T19:44:19.4110834Z [36;1mfi[0m
2026-09-05T19:44:19.4149868Z shell: /usr/bin/bash --noprofile --norc -e -o pipefail {0}
2026-09-05T19:44:19.4150219Z env:
2026-09-05T19:44:19.4150431Z   CARGO_TERM_COLOR: always
2026-09-05T19:44:19.4150681Z   CARGO_HOME: /home/runner/.cargo
2026-09-05T19:44:19.4150931Z   CARGO_INCREMENTAL: 0
2026-09-05T19:44:19.4151149Z ##[endgroup]
2026-09-05T19:44:19.4342021Z ##[end-action id=__dtolnay_rust-toolchain.__run_9;outcome=success;conclusion=success;duration_ms=25]
2026-09-05T19:44:19.4346941Z ##[start-action display=rustc +stable --version --verbose;id=__dtolnay_rust-toolchain.__run_10]
2026-09-05T19:44:19.4367726Z ##[group]Run rustc +stable --version --verbose
2026-09-05T19:44:19.4368078Z [36;1mrustc +stable --version --verbose[0m
2026-09-05T19:44:19.4406743Z shell: /usr/bin/bash --noprofile --norc -e -o pipefail {0}
2026-09-05T19:44:19.4407105Z env:
2026-09-05T19:44:19.4407305Z   CARGO_TERM_COLOR: always
2026-09-05T19:44:19.4407563Z   CARGO_HOME: /home/runner/.cargo
2026-09-05T19:44:19.4407811Z   CARGO_INCREMENTAL: 0
2026-09-05T19:44:19.4408028Z ##[endgroup]
2026-09-05T19:44:19.4581917Z rustc 1.98.1 (48a229cea 2026-09-01)
2026-09-05T19:44:19.4582662Z binary: rustc
2026-09-05T19:44:19.4583029Z commit-hash: 48a229ceaefd4985c50990b14116b6d856af0985
2026-09-05T19:44:19.4583755Z commit-date: 2026-09-01
2026-09-05T19:44:19.4584207Z host: x86_64-unknown-linux-gnu
2026-09-05T19:44:19.4584664Z release: 1.98.1
2026-09-05T19:44:19.4585261Z LLVM version: 22.1.8
2026-09-05T19:44:19.4599463Z ##[end-action id=__dtolnay_rust-toolchain.__run_10;outcome=success;conclusion=success;duration_ms=25]
2026-09-05T19:44:19.4724906Z ##[group]Run Swatinem/rust-cache@v2
2026-09-05T19:44:19.4725590Z with:
2026-09-05T19:44:19.4725797Z   prefix-key: v0-rust
2026-09-05T19:44:19.4726020Z   add-job-id-key: true
2026-09-05T19:44:19.4726259Z   add-rust-environment-hash-key: true
2026-09-05T19:44:19.4726554Z   cache-targets: true
2026-09-05T19:44:19.4726774Z   cache-all-crates: false
2026-09-05T19:44:19.4727027Z   cache-workspace-crates: false
2026-09-05T19:44:19.4727262Z   save-if: true
2026-09-05T19:44:19.4727464Z   cache-provider: github
2026-09-05T19:44:19.4727681Z   cache-bin: true
2026-09-05T19:44:19.4727879Z   lookup-only: false
2026-09-05T19:44:19.4728090Z   cmd-format: {0}
2026-09-05T19:44:19.4728283Z env:
2026-09-05T19:44:19.4728469Z   CARGO_TERM_COLOR: always
2026-09-05T19:44:19.4728710Z   CARGO_HOME: /home/runner/.cargo
2026-09-05T19:44:19.4728960Z   CARGO_INCREMENTAL: 0
2026-09-05T19:44:19.4729168Z ##[endgroup]
2026-09-05T19:44:19.7566869Z ##[group]Cache Configuration
2026-09-05T19:44:19.7567762Z Cache Provider:
2026-09-05T19:44:19.7568259Z     github
2026-09-05T19:44:19.7568750Z Workspaces:
2026-09-05T19:44:19.7569136Z     /home/runner/work/freebuff/freebuff
2026-09-05T19:44:19.7569694Z Cache Paths:
2026-09-05T19:44:19.7570084Z     /home/runner/.cargo/bin
2026-09-05T19:44:19.7571035Z     /home/runner/.cargo/.crates.toml
2026-09-05T19:44:19.7571643Z     /home/runner/.cargo/.crates2.json
2026-09-05T19:44:19.7572191Z     /home/runner/.cargo/registry
2026-09-05T19:44:19.7572641Z     /home/runner/.cargo/git
2026-09-05T19:44:19.7573432Z     /home/runner/work/freebuff/freebuff/target
2026-09-05T19:44:19.7574095Z Restore Key:
2026-09-05T19:44:19.7574561Z     v0-rust-rust-Linux-x64-6ff13d87
2026-09-05T19:44:19.7575269Z Cache Key:
2026-09-05T19:44:19.7575716Z     v0-rust-rust-Linux-x64-6ff13d87-e46fddd3
2026-09-05T19:44:19.7576224Z .. Prefix:
2026-09-05T19:44:19.7576647Z   - v0-rust-rust-Linux-x64
2026-09-05T19:44:19.7596488Z .. Environment considered:
2026-09-05T19:44:19.7596938Z   - Rust Versions:
2026-09-05T19:44:19.7597473Z     - 1.98.1 x86_64-unknown-linux-gnu 48a229ceaefd4985c50990b14116b6d856af0985
2026-09-05T19:44:19.7598027Z   - CARGO_HOME
2026-09-05T19:44:19.7598372Z   - CARGO_INCREMENTAL
2026-09-05T19:44:19.7598729Z   - CARGO_TERM_COLOR
2026-09-05T19:44:19.7599089Z .. Lockfiles considered:
2026-09-05T19:44:19.7599507Z   - /home/runner/work/freebuff/freebuff/Cargo.lock
2026-09-05T19:44:19.7600024Z   - /home/runner/work/freebuff/freebuff/crates/auth/Cargo.toml
2026-09-05T19:44:19.7600612Z   - /home/runner/work/freebuff/freebuff/crates/branch-service/Cargo.toml
2026-09-05T19:44:19.7601216Z   - /home/runner/work/freebuff/freebuff/crates/cdc-service/Cargo.toml
2026-09-05T19:44:19.7601767Z   - /home/runner/work/freebuff/freebuff/crates/cli/Cargo.toml
2026-09-05T19:44:19.7602335Z   - /home/runner/work/freebuff/freebuff/crates/control-plane/Cargo.toml
2026-09-05T19:44:19.7602909Z   - /home/runner/work/freebuff/freebuff/crates/gateway/Cargo.toml
2026-09-05T19:44:19.7603489Z   - /home/runner/work/freebuff/freebuff/crates/proxy/Cargo.toml
2026-09-05T19:44:19.7604037Z   - /home/runner/work/freebuff/freebuff/crates/shared/Cargo.toml
2026-09-05T19:44:19.7604610Z   - /home/runner/work/freebuff/freebuff/crates/storage-service/Cargo.toml
2026-09-05T19:44:19.7605599Z   - /home/runner/work/freebuff/freebuff/crates/wal-service/Cargo.toml
2026-09-05T19:44:19.7606427Z ##[endgroup]
2026-09-05T19:44:19.7606696Z 
2026-09-05T19:44:19.7606910Z ... Restoring cache ...
2026-09-05T19:44:19.8148920Z No cache found.
2026-09-05T19:44:19.8246630Z ##[group]Run cargo check --workspace
2026-09-05T19:44:19.8246991Z [36;1mcargo check --workspace[0m
2026-09-05T19:44:19.8286777Z shell: /usr/bin/bash -e {0}
2026-09-05T19:44:19.8287035Z env:
2026-09-05T19:44:19.8287245Z   CARGO_TERM_COLOR: always
2026-09-05T19:44:19.8287503Z   CARGO_HOME: /home/runner/.cargo
2026-09-05T19:44:19.8287755Z   CARGO_INCREMENTAL: 0
2026-09-05T19:44:19.8287986Z   CACHE_ON_FAILURE: false
2026-09-05T19:44:19.8288207Z ##[endgroup]
2026-09-05T19:44:19.8744505Z [1m[92m    Updating[0m crates.io index
2026-09-05T19:44:20.5787171Z [1m[92m     Locking[0m 32 packages to latest compatible versions
2026-09-05T19:44:20.5787951Z [1m[92m      Adding[0m adler2 v2.0.1
2026-09-05T19:44:20.5788653Z [1m[92m      Adding[0m colored v2.2.0 [1m[33m(available: v3.1.1)[0m
2026-09-05T19:44:20.5789545Z [1m[92m      Adding[0m console v0.15.11 [1m[33m(available: v0.16.4)[0m
2026-09-05T19:44:20.5790260Z [1m[92m      Adding[0m crc32fast v1.5.1
2026-09-05T19:44:20.5792864Z [1m[92m      Adding[0m dashmap v5.5.3 [1m[33m(available: v6.2.1)[0m
2026-09-05T19:44:20.5794464Z [1m[92m      Adding[0m dialoguer v0.11.0 [1m[33m(available: v0.12.0)[0m
2026-09-05T19:44:20.5795884Z [1m[92m      Adding[0m dirs v5.0.1 [1m[33m(available: v7.0.0)[0m
2026-09-05T19:44:20.5796556Z [1m[92m      Adding[0m dirs-sys v0.4.1
2026-09-05T19:44:20.5797161Z [1m[92m      Adding[0m encode_unicode v1.0.0
2026-09-05T19:44:20.5801076Z [1m[92m      Adding[0m flate2 v1.1.10
2026-09-05T19:44:20.5806134Z [1m[92m      Adding[0m hashbrown v0.14.5
2026-09-05T19:44:20.5810800Z [1m[92m      Adding[0m indicatif v0.17.11 [1m[33m(available: v0.18.6)[0m
2026-09-05T19:44:20.5813341Z [1m[92m      Adding[0m miniz_oxide v0.9.1
2026-09-05T19:44:20.5814314Z [1m[92m      Adding[0m number_prefix v0.4.0
2026-09-05T19:44:20.5814804Z [1m[92m      Adding[0m option-ext v0.2.0
2026-09-05T19:44:20.5817316Z [1m[92m      Adding[0m portable-atomic v1.15.0
2026-09-05T19:44:20.5826119Z [1m[92m      Adding[0m redox_users v0.4.6
2026-09-05T19:44:20.5826753Z [1m[92m      Adding[0m same-file v1.0.6
2026-09-05T19:44:20.5827159Z [1m[92m      Adding[0m serde_spanned v0.6.9
2026-09-05T19:44:20.5827511Z [1m[92m      Adding[0m shell-words v1.1.1
2026-09-05T19:44:20.5827842Z [1m[92m      Adding[0m simd-adler32 v0.3.10
2026-09-05T19:44:20.5828673Z [1m[92m      Adding[0m toml v0.8.23 [1m[33m(available: v1.1.5+spec-1.1.0)[0m
2026-09-05T19:44:20.5829503Z [1m[92m      Adding[0m toml_datetime v0.6.11
2026-09-05T19:44:20.5838257Z [1m[92m      Adding[0m toml_edit v0.22.27
2026-09-05T19:44:20.5841786Z [1m[92m      Adding[0m toml_write v0.1.2
2026-09-05T19:44:20.5842629Z [1m[92m      Adding[0m unicode-width v0.2.2
2026-09-05T19:44:20.5843678Z [1m[92m      Adding[0m walkdir v2.5.0
2026-09-05T19:44:20.5845766Z [1m[92m      Adding[0m web-time v1.1.0
2026-09-05T19:44:20.5847014Z [1m[92m      Adding[0m winapi-util v0.1.11
2026-09-05T19:44:20.5848092Z [1m[92m      Adding[0m windows-sys v0.59.0
2026-09-05T19:44:20.5856130Z [1m[92m      Adding[0m winnow v0.7.15
2026-09-05T19:44:20.5860158Z [1m[92m      Adding[0m zlib-rs v0.6.7
2026-09-05T19:44:20.6106486Z [1m[92m Downloading[0m crates ...
2026-09-05T19:44:20.7102942Z [1m[92m  Downloaded[0m openssl-macros v0.1.1
2026-09-05T19:44:20.7122103Z [1m[92m  Downloaded[0m num-iter v0.1.46
2026-09-05T19:44:20.7136777Z [1m[92m  Downloaded[0m adler2 v2.0.1
2026-09-05T19:44:20.7155607Z [1m[92m  Downloaded[0m num-integer v0.1.47
2026-09-05T19:44:20.7179868Z [1m[92m  Downloaded[0m num-conv v0.2.2
2026-09-05T19:44:20.7195842Z [1m[92m  Downloaded[0m strsim v0.11.1
2026-09-05T19:44:20.7216143Z [1m[92m  Downloaded[0m potential_utf v0.1.6
2026-09-05T19:44:20.7236061Z [1m[92m  Downloaded[0m percent-encoding v2.3.2
2026-09-05T19:44:20.7246380Z [1m[92m  Downloaded[0m password-hash v0.5.0
2026-09-05T19:44:20.7275084Z [1m[92m  Downloaded[0m pem-rfc7468 v0.7.0
2026-09-05T19:44:20.7312557Z [1m[92m  Downloaded[0m phf v0.13.1
2026-09-05T19:44:20.7346818Z [1m[92m  Downloaded[0m pin-project-internal v1.1.13
2026-09-05T19:44:20.7369388Z [1m[92m  Downloaded[0m pin-project-lite v0.2.17
2026-09-05T19:44:20.7439031Z [1m[92m  Downloaded[0m pkg-config v0.3.34
2026-09-05T19:44:20.7456140Z [1m[92m  Downloaded[0m shell-words v1.1.1
2026-09-05T19:44:20.7486891Z [1m[92m  Downloaded[0m simple_asn1 v0.6.4
2026-09-05T19:44:20.7496494Z [1m[92m  Downloaded[0m rand_core v0.10.1
2026-09-05T19:44:20.7507690Z [1m[92m  Downloaded[0m rustls-pki-types v1.15.1
2026-09-05T19:44:20.7546450Z [1m[92m  Downloaded[0m smallvec v1.15.2
2026-09-05T19:44:20.7552483Z [1m[92m  Downloaded[0m thiserror-impl v1.0.69
2026-09-05T19:44:20.7566532Z [1m[92m  Downloaded[0m parking_lot v0.12.5
2026-09-05T19:44:20.7594207Z [1m[92m  Downloaded[0m parking_lot_core v0.9.12
2026-09-05T19:44:20.7617962Z [1m[92m  Downloaded[0m phf_shared v0.13.1
2026-09-05T19:44:20.7628064Z [1m[92m  Downloaded[0m pin-project v1.1.13
2026-09-05T19:44:20.7773766Z [1m[92m  Downloaded[0m pkcs1 v0.7.5
2026-09-05T19:44:20.7798615Z [1m[92m  Downloaded[0m sqlx-mysql v0.8.6
2026-09-05T19:44:20.7861528Z [1m[92m  Downloaded[0m tempfile v3.27.0
2026-09-05T19:44:20.7888942Z [1m[92m  Downloaded[0m crypto-common v0.1.7
2026-09-05T19:44:20.7898253Z [1m[92m  Downloaded[0m num-bigint-dig v0.8.6
2026-09-05T19:44:20.7946617Z [1m[92m  Downloaded[0m pkcs8 v0.10.2
2026-09-05T19:44:20.7977823Z [1m[92m  Downloaded[0m portable-atomic v1.15.0
2026-09-05T19:44:20.8071855Z [1m[92m  Downloaded[0m proc-macro2 v1.0.107
2026-09-05T19:44:20.8107488Z [1m[92m  Downloaded[0m reqwest v0.12.28
2026-09-05T19:44:20.8185968Z [1m[92m  Downloaded[0m signal-hook-registry v1.4.8
2026-09-05T19:44:20.8204090Z [1m[92m  Downloaded[0m sqlx-core v0.8.6
2026-09-05T19:44:20.8305643Z [1m[92m  Downloaded[0m pem v3.0.6
2026-09-05T19:44:20.8319107Z [1m[92m  Downloaded[0m num-traits v0.2.19
2026-09-05T19:44:20.8346416Z [1m[92m  Downloaded[0m const-oid v0.9.6
2026-09-05T19:44:20.8365129Z [1m[92m  Downloaded[0m miniz_oxide v0.9.1
2026-09-05T19:44:20.8390669Z [1m[92m  Downloaded[0m crc32fast v1.5.1
2026-09-05T19:44:20.8415983Z [1m[92m  Downloaded[0m deadpool-runtime v0.1.4
2026-09-05T19:44:20.8420370Z [1m[92m  Downloaded[0m time-macros v0.2.32
2026-09-05T19:44:20.8446037Z [1m[92m  Downloaded[0m colored v2.2.0
2026-09-05T19:44:20.8473930Z [1m[92m  Downloaded[0m const-oid v0.10.2
2026-09-05T19:44:20.8497157Z [1m[92m  Downloaded[0m ctutils v0.4.2
2026-09-05T19:44:20.8517364Z [1m[92m  Downloaded[0m dirs-sys v0.4.1
2026-09-05T19:44:20.8530539Z [1m[92m  Downloaded[0m httparse v1.10.1
2026-09-05T19:44:20.8557629Z [1m[92m  Downloaded[0m md-5 v0.11.0
2026-09-05T19:44:20.8574919Z [1m[92m  Downloaded[0m rand_core v0.6.4
2026-09-05T19:44:20.8588877Z [1m[92m  Downloaded[0m thiserror-impl v2.0.20
2026-09-05T19:44:20.8603550Z [1m[92m  Downloaded[0m chrono v0.4.45
2026-09-05T19:44:20.8683628Z [1m[92m  Downloaded[0m combine v4.6.7
2026-09-05T19:44:20.8738498Z [1m[92m  Downloaded[0m cpufeatures v0.2.17
2026-09-05T19:44:20.8752791Z [1m[92m  Downloaded[0m crc v3.4.0
2026-09-05T19:44:20.8769750Z [1m[92m  Downloaded[0m crypto-common v0.2.2
2026-09-05T19:44:20.8781357Z [1m[92m  Downloaded[0m deranged v0.5.8
2026-09-05T19:44:20.8795400Z [1m[92m  Downloaded[0m console v0.15.11
2026-09-05T19:44:20.8825383Z [1m[92m  Downloaded[0m crossbeam-queue v0.3.13
2026-09-05T19:44:20.8838336Z [1m[92m  Downloaded[0m dashmap v5.5.3
2026-09-05T19:44:20.8862680Z [1m[92m  Downloaded[0m deadpool v0.12.3
2026-09-05T19:44:20.8894321Z [1m[92m  Downloaded[0m hyper-util v0.1.20
2026-09-05T19:44:20.8957772Z [1m[92m  Downloaded[0m sync_wrapper v1.0.2
2026-09-05T19:44:20.8965560Z [1m[92m  Downloaded[0m colorchoice v1.0.5
2026-09-05T19:44:20.8975437Z [1m[92m  Downloaded[0m digest v0.10.7
2026-09-05T19:44:20.8993198Z [1m[92m  Downloaded[0m dirs v5.0.1
2026-09-05T19:44:20.9005732Z [1m[92m  Downloaded[0m rand_chacha v0.3.1
2026-09-05T19:44:20.9017329Z [1m[92m  Downloaded[0m sqlx-postgres v0.8.6
2026-09-05T19:44:20.9105858Z [1m[92m  Downloaded[0m stringprep v0.1.5
2026-09-05T19:44:20.9120725Z [1m[92m  Downloaded[0m cpufeatures v0.3.0
2026-09-05T19:44:20.9134963Z [1m[92m  Downloaded[0m spin v0.9.9
2026-09-05T19:44:20.9158169Z [1m[92m  Downloaded[0m synstructure v0.13.2
2026-09-05T19:44:20.9167959Z [1m[92m  Downloaded[0m zerotrie v0.2.5
2026-09-05T19:44:20.9213380Z [1m[92m  Downloaded[0m crc-catalog v2.5.0
2026-09-05T19:44:20.9235711Z [1m[92m  Downloaded[0m data-encoding v2.11.1
2026-09-05T19:44:20.9250218Z [1m[92m  Downloaded[0m dotenvy v0.15.7
2026-09-05T19:44:20.9294026Z [1m[92m  Downloaded[0m signature v2.2.0
2026-09-05T19:44:20.9317223Z [1m[92m  Downloaded[0m futures-task v0.3.34
2026-09-05T19:44:20.9337076Z [1m[92m  Downloaded[0m simd-adler32 v0.3.10
2026-09-05T19:44:20.9364620Z [1m[92m  Downloaded[0m tower-layer v0.3.3
2026-09-05T19:44:20.9378048Z [1m[92m  Downloaded[0m deadpool-postgres v0.14.1
2026-09-05T19:44:20.9395936Z [1m[92m  Downloaded[0m dialoguer v0.11.0
2026-09-05T19:44:20.9432879Z [1m[92m  Downloaded[0m digest v0.11.3
2026-09-05T19:44:20.9458862Z [1m[92m  Downloaded[0m displaydoc v0.2.7
2026-09-05T19:44:20.9481086Z [1m[92m  Downloaded[0m either v1.18.0
2026-09-05T19:44:20.9497825Z [1m[92m  Downloaded[0m futures-channel v0.3.34
2026-09-05T19:44:20.9518747Z [1m[92m  Downloaded[0m sha1 v0.10.7
2026-09-05T19:44:20.9535887Z [1m[92m  Downloaded[0m thread_local v1.1.10
2026-09-05T19:44:20.9551764Z [1m[92m  Downloaded[0m crossbeam-utils v0.8.22
2026-09-05T19:44:20.9579918Z [1m[92m  Downloaded[0m der v0.7.10
2026-09-05T19:44:20.9634475Z [1m[92m  Downloaded[0m foreign-types-shared v0.1.1
2026-09-05T19:44:20.9641339Z [1m[92m  Downloaded[0m form_urlencoded v1.2.2
2026-09-05T19:44:20.9650252Z [1m[92m  Downloaded[0m hdrhistogram v7.6.0
2026-09-05T19:44:20.9724073Z [1m[92m  Downloaded[0m serde_urlencoded v0.7.1
2026-09-05T19:44:20.9741665Z [1m[92m  Downloaded[0m zlib-rs v0.6.7
2026-09-05T19:44:20.9797792Z [1m[92m  Downloaded[0m idna v1.1.0
2026-09-05T19:44:20.9832643Z [1m[92m  Downloaded[0m option-ext v0.2.0
2026-09-05T19:44:20.9841587Z [1m[92m  Downloaded[0m serde_derive v1.0.229
2026-09-05T19:44:20.9873490Z [1m[92m  Downloaded[0m subtle v2.6.1
2026-09-05T19:44:20.9886092Z [1m[92m  Downloaded[0m thiserror v1.0.69
2026-09-05T19:44:20.9945896Z [1m[92m  Downloaded[0m quote v1.0.47
2026-09-05T19:44:20.9974140Z [1m[92m  Downloaded[0m rustversion v1.0.23
2026-09-05T19:44:21.0002896Z [1m[92m  Downloaded[0m siphasher v1.0.3
2026-09-05T19:44:21.0016887Z [1m[92m  Downloaded[0m parking v2.2.1
2026-09-05T19:44:21.0028108Z [1m[92m  Downloaded[0m spki v0.7.3
2026-09-05T19:44:21.0046282Z [1m[92m  Downloaded[0m fnv v1.0.7
2026-09-05T19:44:21.0055039Z [1m[92m  Downloaded[0m num_cpus v1.17.0
2026-09-05T19:44:21.0088407Z [1m[92m  Downloaded[0m socket2 v0.6.5
2026-09-05T19:44:21.0106550Z [1m[92m  Downloaded[0m thiserror v2.0.20
2026-09-05T19:44:21.0173742Z [1m[92m  Downloaded[0m foreign-types v0.3.2
2026-09-05T19:44:21.0181571Z [1m[92m  Downloaded[0m itoa v1.0.18
2026-09-05T19:44:21.0196356Z [1m[92m  Downloaded[0m number_prefix v0.4.0
2026-09-05T19:44:21.0205562Z [1m[92m  Downloaded[0m scopeguard v1.2.0
2026-09-05T19:44:21.0217887Z [1m[92m  Downloaded[0m stable_deref_trait v1.2.1
2026-09-05T19:44:21.0227430Z [1m[92m  Downloaded[0m futures-sink v0.3.34
2026-09-05T19:44:21.0236459Z [1m[92m  Downloaded[0m openssl-probe v0.2.1
2026-09-05T19:44:21.0248706Z [1m[92m  Downloaded[0m postgres-types v0.2.14
2026-09-05T19:44:21.0275800Z [1m[92m  Downloaded[0m same-file v1.0.6
2026-09-05T19:44:21.0290106Z [1m[92m  Downloaded[0m sharded-slab v0.1.7
2026-09-05T19:44:21.0323865Z [1m[92m  Downloaded[0m slab v0.4.12
2026-09-05T19:44:21.0336737Z [1m[92m  Downloaded[0m sqlx-macros v0.8.6
2026-09-05T19:44:21.0345306Z [1m[92m  Downloaded[0m async-trait v0.1.92
2026-09-05T19:44:21.0383305Z [1m[92m  Downloaded[0m postgres-protocol v0.6.12
2026-09-05T19:44:21.0404129Z [1m[92m  Downloaded[0m ppv-lite86 v0.2.21
2026-09-05T19:44:21.0417128Z [1m[92m  Downloaded[0m rsa v0.9.10
2026-09-05T19:44:21.0471021Z [1m[92m  Downloaded[0m toml_datetime v0.6.11
2026-09-05T19:44:21.0482925Z [1m[92m  Downloaded[0m foldhash v0.1.5
2026-09-05T19:44:21.0495051Z [1m[92m  Downloaded[0m futures-executor v0.3.34
2026-09-05T19:44:21.0509887Z [1m[92m  Downloaded[0m hashbrown v0.14.5
2026-09-05T19:44:21.0557043Z [1m[92m  Downloaded[0m headers-core v0.3.0
2026-09-05T19:44:21.0563829Z [1m[92m  Downloaded[0m hex v0.4.3
2026-09-05T19:44:21.0579967Z [1m[92m  Downloaded[0m is_terminal_polyfill v1.70.2
2026-09-05T19:44:21.0590112Z [1m[92m  Downloaded[0m once_cell v1.21.4
2026-09-05T19:44:21.0617158Z [1m[92m  Downloaded[0m tinystr v0.8.4
2026-09-05T19:44:21.0638231Z [1m[92m  Downloaded[0m powerfmt v0.2.0
2026-09-05T19:44:21.0649675Z [1m[92m  Downloaded[0m sha2 v0.11.0
2026-09-05T19:44:21.0688852Z [1m[92m  Downloaded[0m blake2 v0.10.6
2026-09-05T19:44:21.0714621Z [1m[92m  Downloaded[0m tracing-serde v0.2.0
2026-09-05T19:44:21.0723661Z [1m[92m  Downloaded[0m heck v0.5.0
2026-09-05T19:44:21.0736948Z [1m[92m  Downloaded[0m idna_adapter v1.2.2
2026-09-05T19:44:21.0746179Z [1m[92m  Downloaded[0m sqlx-macros-core v0.8.6
2026-09-05T19:44:21.0768723Z [1m[92m  Downloaded[0m time-core v0.1.9
2026-09-05T19:44:21.0779999Z [1m[92m  Downloaded[0m atomic-waker v1.1.2
2026-09-05T19:44:21.0791935Z [1m[92m  Downloaded[0m multer v3.1.0
2026-09-05T19:44:21.0819832Z [1m[92m  Downloaded[0m serde_core v1.0.229
2026-09-05T19:44:21.0849009Z [1m[92m  Downloaded[0m futures-io v0.3.34
2026-09-05T19:44:21.0858249Z [1m[92m  Downloaded[0m httpdate v1.0.3
2026-09-05T19:44:21.0870941Z [1m[92m  Downloaded[0m hyper-rustls v0.27.9
2026-09-05T19:44:21.0885790Z [1m[92m  Downloaded[0m ipnet v2.12.1
2026-09-05T19:44:21.0902975Z [1m[92m  Downloaded[0m litemap v0.8.3
2026-09-05T19:44:21.0927009Z [1m[92m  Downloaded[0m mime v0.3.17
2026-09-05T19:44:21.0940290Z [1m[92m  Downloaded[0m serde_spanned v0.6.9
2026-09-05T19:44:21.0951133Z [1m[92m  Downloaded[0m sha1_smol v1.0.1
2026-09-05T19:44:21.0964172Z [1m[92m  Downloaded[0m equivalent v1.0.2
2026-09-05T19:44:21.0974509Z [1m[92m  Downloaded[0m home v0.5.12
2026-09-05T19:44:21.0984394Z [1m[92m  Downloaded[0m http-body v1.1.0
2026-09-05T19:44:21.0994791Z [1m[92m  Downloaded[0m hyper-tls v0.6.0
2026-09-05T19:44:21.1009043Z [1m[92m  Downloaded[0m version_check v0.9.5
2026-09-05T19:44:21.1022325Z [1m[92m  Downloaded[0m webpki-roots v0.26.11
2026-09-05T19:44:21.1034670Z [1m[92m  Downloaded[0m zerovec-derive v0.11.6
2026-09-05T19:44:21.1052431Z [1m[92m  Downloaded[0m utf-8 v0.7.6
2026-09-05T19:44:21.1064459Z [1m[92m  Downloaded[0m shlex v2.0.1
2026-09-05T19:44:21.1077951Z [1m[92m  Downloaded[0m zmij v1.0.23
2026-09-05T19:44:21.1095427Z [1m[92m  Downloaded[0m hkdf v0.12.4
2026-09-05T19:44:21.1119307Z [1m[92m  Downloaded[0m lock_api v0.4.14
2026-09-05T19:44:21.1132059Z [1m[92m  Downloaded[0m regex-syntax v0.8.11
2026-09-05T19:44:21.1198732Z [1m[92m  Downloaded[0m futures-macro v0.3.34
2026-09-05T19:44:21.1209259Z [1m[92m  Downloaded[0m tower-service v0.3.3
2026-09-05T19:44:21.1217226Z [1m[92m  Downloaded[0m zerofrom-derive v0.1.7
2026-09-05T19:44:21.1227722Z [1m[92m  Downloaded[0m generic-array v0.14.7
2026-09-05T19:44:21.1241771Z [1m[92m  Downloaded[0m hmac v0.12.1
2026-09-05T19:44:21.1261239Z [1m[92m  Downloaded[0m tokio-macros v2.7.2
2026-09-05T19:44:21.1272097Z [1m[92m  Downloaded[0m sha2 v0.10.9
2026-09-05T19:44:21.1298399Z [1m[92m  Downloaded[0m unicode-properties v0.1.4
2026-09-05T19:44:21.1316891Z [1m[92m  Downloaded[0m utf8_iter v1.0.4
2026-09-05T19:44:21.1327300Z [1m[92m  Downloaded[0m utf8parse v0.2.2
2026-09-05T19:44:21.1336978Z [1m[92m  Downloaded[0m zeroize v1.9.0
2026-09-05T19:44:21.1352514Z [1m[92m  Downloaded[0m anstyle v1.0.14
2026-09-05T19:44:21.1367188Z [1m[92m  Downloaded[0m anstyle-query v1.1.5
2026-09-05T19:44:21.1378854Z [1m[92m  Downloaded[0m futures-core v0.3.34
2026-09-05T19:44:21.1392266Z [1m[92m  Downloaded[0m nu-ansi-term v0.50.3
2026-09-05T19:44:21.1416668Z [1m[92m  Downloaded[0m tinyvec_macros v0.1.1
2026-09-05T19:44:21.1424740Z [1m[92m  Downloaded[0m sqlx-sqlite v0.8.6
2026-09-05T19:44:21.1471907Z [1m[92m  Downloaded[0m untrusted v0.9.0
2026-09-05T19:44:21.1488731Z [1m[92m  Downloaded[0m whoami v1.6.1
2026-09-05T19:44:21.1508619Z [1m[92m  Downloaded[0m writeable v0.6.4
2026-09-05T19:44:21.1529678Z [1m[92m  Downloaded[0m yoke-derive v0.8.2
2026-09-05T19:44:21.1541306Z [1m[92m  Downloaded[0m anstream v1.0.0
2026-09-05T19:44:21.1561307Z [1m[92m  Downloaded[0m block-buffer v0.12.1
2026-09-05T19:44:21.1573922Z [1m[92m  Downloaded[0m cfg-if v1.0.4
2026-09-05T19:44:21.1587027Z [1m[92m  Downloaded[0m errno v0.3.14
2026-09-05T19:44:21.1602076Z [1m[92m  Downloaded[0m hybrid-array v0.4.14
2026-09-05T19:44:21.1624456Z [1m[92m  Downloaded[0m native-tls v0.2.18
2026-09-05T19:44:21.1639662Z [1m[92m  Downloaded[0m serde_path_to_error v0.1.20
2026-09-05T19:44:21.1655978Z [1m[92m  Downloaded[0m whoami v2.1.3
2026-09-05T19:44:21.1677957Z [1m[92m  Downloaded[0m autocfg v1.5.1
2026-09-05T19:44:21.1696452Z [1m[92m  Downloaded[0m base64ct v1.8.3
2026-09-05T19:44:21.1722189Z [1m[92m  Downloaded[0m block-buffer v0.10.4
2026-09-05T19:44:21.1732709Z [1m[92m  Downloaded[0m byteorder v1.5.0
2026-09-05T19:44:21.1748493Z [1m[92m  Downloaded[0m chacha20 v0.10.1
2026-09-05T19:44:21.1772634Z [1m[92m  Downloaded[0m clap v4.6.6
2026-09-05T19:44:21.1871780Z [1m[92m  Downloaded[0m clap_derive v4.6.4
2026-09-05T19:44:21.1893665Z [1m[92m  Downloaded[0m clap_lex v1.1.0
2026-09-05T19:44:21.1904295Z [1m[92m  Downloaded[0m icu_normalizer_data v2.3.0
2026-09-05T19:44:21.1925693Z [1m[92m  Downloaded[0m lazy_static v1.5.0
2026-09-05T19:44:21.1943453Z [1m[92m  Downloaded[0m log v0.4.34
2026-09-05T19:44:21.1968482Z [1m[92m  Downloaded[0m rand v0.8.7
2026-09-05T19:44:21.2002758Z [1m[92m  Downloaded[0m ryu v1.0.23
2026-09-05T19:44:21.2036379Z [1m[92m  Downloaded[0m socket2 v0.5.10
2026-09-05T19:44:21.2054162Z [1m[92m  Downloaded[0m tokio-native-tls v0.3.1
2026-09-05T19:44:21.2072087Z [1m[92m  Downloaded[0m tokio-rustls v0.26.4
2026-09-05T19:44:21.2092871Z [1m[92m  Downloaded[0m toml v0.8.23
2026-09-05T19:44:21.2117191Z [1m[92m  Downloaded[0m try-lock v0.2.5
2026-09-05T19:44:21.2126584Z [1m[92m  Downloaded[0m unicode-ident v1.0.24
2026-09-05T19:44:21.2154449Z [1m[92m  Downloaded[0m url v2.5.8
2026-09-05T19:44:21.2180390Z [1m[92m  Downloaded[0m atoi v2.0.0
2026-09-05T19:44:21.2193891Z [1m[92m  Downloaded[0m axum-core v0.4.5
2026-09-05T19:44:21.2214641Z [1m[92m  Downloaded[0m axum-extra v0.9.6
2026-09-05T19:44:21.2249019Z [1m[92m  Downloaded[0m axum-macros v0.4.2
2026-09-05T19:44:21.2362753Z [1m[92m  Downloaded[0m bytes v1.12.1
2026-09-05T19:44:21.2398884Z [1m[92m  Downloaded[0m openssl-sys v0.9.117
2026-09-05T19:44:21.2454992Z [1m[92m  Downloaded[0m rustls-webpki v0.103.15
2026-09-05T19:44:21.2486326Z [1m[92m  Downloaded[0m tinyvec v1.12.0
2026-09-05T19:44:21.2512818Z [1m[92m  Downloaded[0m tokio-retry v0.3.2
2026-09-05T19:44:21.2526366Z [1m[92m  Downloaded[0m tokio-stream v0.1.19
2026-09-05T19:44:21.2578750Z [1m[92m  Downloaded[0m toml_write v0.1.2
2026-09-05T19:44:21.2592510Z [1m[92m  Downloaded[0m typenum v1.20.1
2026-09-05T19:44:21.2627738Z [1m[92m  Downloaded[0m uuid v1.25.0
2026-09-05T19:44:21.2657540Z [1m[92m  Downloaded[0m want v0.3.1
2026-09-05T19:44:21.2666909Z [1m[92m  Downloaded[0m iana-time-zone v0.1.65
2026-09-05T19:44:21.2695714Z [1m[92m  Downloaded[0m memchr v2.8.3
2026-09-05T19:44:21.2751463Z [1m[92m  Downloaded[0m mio v1.2.2
2026-09-05T19:44:21.2813446Z [1m[92m  Downloaded[0m serde v1.0.229
2026-09-05T19:44:21.2848403Z [1m[92m  Downloaded[0m tokio-tungstenite v0.24.0
2026-09-05T19:44:21.2868437Z [1m[92m  Downloaded[0m toml_edit v0.22.27
2026-09-05T19:44:21.2912493Z [1m[92m  Downloaded[0m unicode-bidi v0.3.18
2026-09-05T19:44:21.2936831Z [1m[92m  Downloaded[0m zerofrom v0.1.8
2026-09-05T19:44:21.2946428Z [1m[92m  Downloaded[0m base64 v0.22.1
2026-09-05T19:44:21.2984916Z [1m[92m  Downloaded[0m fallible-iterator v0.2.0
2026-09-05T19:44:21.2996859Z [1m[92m  Downloaded[0m openssl v0.10.81
2026-09-05T19:44:21.3094662Z [1m[92m  Downloaded[0m rand v0.10.2
2026-09-05T19:44:21.3132599Z [1m[92m  Downloaded[0m tower v0.4.13
2026-09-05T19:44:21.3239625Z [1m[92m  Downloaded[0m bitflags v2.13.1
2026-09-05T19:44:21.3285397Z [1m[92m  Downloaded[0m hmac v0.13.0
2026-09-05T19:44:21.3316290Z [1m[92m  Downloaded[0m serde_json v1.0.151
2026-09-05T19:44:21.3384142Z [1m[92m  Downloaded[0m sqlx v0.8.6
2026-09-05T19:44:21.3530386Z [1m[92m  Downloaded[0m tower v0.5.3
2026-09-05T19:44:21.3635162Z [1m[92m  Downloaded[0m tower-http v0.5.2
2026-09-05T19:44:21.3718068Z [1m[92m  Downloaded[0m unicode-normalization v0.1.25
2026-09-05T19:44:21.3751534Z [1m[92m  Downloaded[0m zerovec v0.11.8
2026-09-05T19:44:21.3812865Z [1m[92m  Downloaded[0m fastrand v2.5.0
2026-09-05T19:44:21.3826884Z [1m[92m  Downloaded[0m hashbrown v0.12.3
2026-09-05T19:44:21.3864087Z [1m[92m  Downloaded[0m http-body-util v0.1.5
2026-09-05T19:44:21.3884017Z [1m[92m  Downloaded[0m indicatif v0.17.11
2026-09-05T19:44:21.3921559Z [1m[92m  Downloaded[0m matchers v0.2.0
2026-09-05T19:44:21.3932377Z [1m[92m  Downloaded[0m webpki-roots v1.0.9
2026-09-05T19:44:21.3962765Z [1m[92m  Downloaded[0m md-5 v0.10.6
2026-09-05T19:44:21.3978150Z [1m[92m  Downloaded[0m tower-http v0.6.11
2026-09-05T19:44:21.4073122Z [1m[92m  Downloaded[0m tracing-log v0.2.0
2026-09-05T19:44:21.4087039Z [1m[92m  Downloaded[0m walkdir v2.5.0
2026-09-05T19:44:21.4105164Z [1m[92m  Downloaded[0m aho-corasick v1.1.5
2026-09-05T19:44:21.4157538Z [1m[92m  Downloaded[0m axum v0.7.9
2026-09-05T19:44:21.4234156Z [1m[92m  Downloaded[0m find-msvc-tools v0.1.11
2026-09-05T19:44:21.4250177Z [1m[92m  Downloaded[0m redis v0.25.5
2026-09-05T19:44:21.4323092Z [1m[92m  Downloaded[0m vcpkg v0.2.15
2026-09-05T19:44:21.4877279Z [1m[92m  Downloaded[0m hashlink v0.10.0
2026-09-05T19:44:21.4894912Z [1m[92m  Downloaded[0m time v0.3.55
2026-09-05T19:44:21.5042776Z [1m[92m  Downloaded[0m unicode-width v0.2.2
2026-09-05T19:44:21.5096871Z [1m[92m  Downloaded[0m syn v2.0.119
2026-09-05T19:44:21.5203299Z [1m[92m  Downloaded[0m event-listener v5.4.2
2026-09-05T19:44:21.5221060Z [1m[92m  Downloaded[0m syn v3.0.3
2026-09-05T19:44:21.5326744Z [1m[92m  Downloaded[0m rustls v0.23.43
2026-09-05T19:44:21.5444153Z [1m[92m  Downloaded[0m rustix v1.1.4
2026-09-05T19:44:21.5720175Z [1m[92m  Downloaded[0m getrandom v0.2.17
2026-09-05T19:44:21.5749136Z [1m[92m  Downloaded[0m tracing-attributes v0.1.31
2026-09-05T19:44:21.5775241Z [1m[92m  Downloaded[0m bb8 v0.8.6
2026-09-05T19:44:21.5786545Z [1m[92m  Downloaded[0m icu_provider v2.3.1
2026-09-05T19:44:21.5812278Z [1m[92m  Downloaded[0m regex-automata v0.4.18
2026-09-05T19:44:21.5953223Z [1m[92m  Downloaded[0m libc v0.2.189
2026-09-05T19:44:21.6393494Z [1m[92m  Downloaded[0m tokio v1.53.1
2026-09-05T19:44:21.6851765Z [1m[92m  Downloaded[0m cmov v0.5.4
2026-09-05T19:44:21.6868959Z [1m[92m  Downloaded[0m argon2 v0.5.3
2026-09-05T19:44:21.6885000Z [1m[92m  Downloaded[0m getrandom v0.4.3
2026-09-05T19:44:21.6923490Z [1m[92m  Downloaded[0m matchit v0.7.3
2026-09-05T19:44:21.6942618Z [1m[92m  Downloaded[0m anstyle-parse v1.0.0
2026-09-05T19:44:21.6958574Z [1m[92m  Downloaded[0m anyhow v1.0.104
2026-09-05T19:44:21.6998782Z [1m[92m  Downloaded[0m allocator-api2 v0.2.21
2026-09-05T19:44:21.7024344Z [1m[92m  Downloaded[0m flate2 v1.1.10
2026-09-05T19:44:21.7074213Z [1m[92m  Downloaded[0m futures v0.3.34
2026-09-05T19:44:21.7124105Z [1m[92m  Downloaded[0m flume v0.11.1
2026-09-05T19:44:21.7158472Z [1m[92m  Downloaded[0m jsonwebtoken v9.3.1
2026-09-05T19:44:21.7200949Z [1m[92m  Downloaded[0m tungstenite v0.24.0
2026-09-05T19:44:21.7232885Z [1m[92m  Downloaded[0m ring v0.17.14
2026-09-05T19:44:21.7652664Z [1m[92m  Downloaded[0m yoke v0.8.3
2026-09-05T19:44:21.7670093Z [1m[92m  Downloaded[0m indexmap v1.9.3
2026-09-05T19:44:21.7702571Z [1m[92m  Downloaded[0m tracing-core v0.1.36
2026-09-05T19:44:21.7729289Z [1m[92m  Downloaded[0m icu_collections v2.3.0
2026-09-05T19:44:21.7792108Z [1m[92m  Downloaded[0m futures-intrusive v0.5.0
2026-09-05T19:44:21.7836298Z [1m[92m  Downloaded[0m headers v0.4.1
2026-09-05T19:44:21.7895540Z [1m[92m  Downloaded[0m icu_properties v2.3.0
2026-09-05T19:44:21.7927513Z [1m[92m  Downloaded[0m http v1.5.0
2026-09-05T19:44:21.7963870Z [1m[92m  Downloaded[0m icu_locale_core v2.3.0
2026-09-05T19:44:21.8034195Z [1m[92m  Downloaded[0m arc-swap v1.9.2
2026-09-05T19:44:21.8074353Z [1m[92m  Downloaded[0m indexmap v2.14.0
2026-09-05T19:44:21.8116767Z [1m[92m  Downloaded[0m tokio-postgres v0.7.18
2026-09-05T19:44:21.8168814Z [1m[92m  Downloaded[0m cc v1.4.4
2026-09-05T19:44:21.8198797Z [1m[92m  Downloaded[0m hashbrown v0.15.5
2026-09-05T19:44:21.8247414Z [1m[92m  Downloaded[0m hashbrown v0.17.1
2026-09-05T19:44:21.8299428Z [1m[92m  Downloaded[0m num-bigint v0.4.8
2026-09-05T19:44:21.8350055Z [1m[92m  Downloaded[0m futures-util v0.3.34
2026-09-05T19:44:21.8487399Z [1m[92m  Downloaded[0m h2 v0.4.18
2026-09-05T19:44:21.8552587Z [1m[92m  Downloaded[0m icu_properties_data v2.3.0
2026-09-05T19:44:21.8661557Z [1m[92m  Downloaded[0m tokio-util v0.7.19
2026-09-05T19:44:21.8741119Z [1m[92m  Downloaded[0m libm v0.2.16
2026-09-05T19:44:21.8852848Z [1m[92m  Downloaded[0m hyper v1.11.0
2026-09-05T19:44:21.8922555Z [1m[92m  Downloaded[0m clap_builder v4.6.6
2026-09-05T19:44:21.8985687Z [1m[92m  Downloaded[0m winnow v0.7.15
2026-09-05T19:44:21.9081499Z [1m[92m  Downloaded[0m tracing-subscriber v0.3.23
2026-09-05T19:44:21.9164605Z [1m[92m  Downloaded[0m zerocopy v0.8.56
2026-09-05T19:44:21.9383366Z [1m[92m  Downloaded[0m tracing v0.1.44
2026-09-05T19:44:21.9540852Z [1m[92m  Downloaded[0m icu_normalizer v2.3.0
2026-09-05T19:44:21.9634476Z [1m[92m  Downloaded[0m encoding_rs v0.8.35
2026-09-05T19:44:21.9830866Z [1m[92m  Downloaded[0m linux-raw-sys v0.12.1
2026-09-05T19:44:22.0457915Z [1m[92m  Downloaded[0m libsqlite3-sys v0.30.1
2026-09-05T19:44:22.2076777Z [1m[92m   Compiling[0m proc-macro2 v1.0.107
2026-09-05T19:44:22.2077954Z [1m[92m   Compiling[0m unicode-ident v1.0.24
2026-09-05T19:44:22.2079022Z [1m[92m   Compiling[0m quote v1.0.47
2026-09-05T19:44:22.2080071Z [1m[92m   Compiling[0m libc v0.2.189
2026-09-05T19:44:22.2696992Z [1m[92m   Compiling[0m serde_core v1.0.229
2026-09-05T19:44:22.4056512Z [1m[92m    Checking[0m cfg-if v1.0.4
2026-09-05T19:44:22.4340750Z [1m[92m   Compiling[0m serde v1.0.229
2026-09-05T19:44:22.6306552Z [1m[92m   Compiling[0m parking_lot_core v0.9.12
2026-09-05T19:44:22.7596483Z [1m[92m    Checking[0m bytes v1.12.1
2026-09-05T19:44:23.2026469Z [1m[92m   Compiling[0m version_check v0.9.5
2026-09-05T19:44:23.2976807Z [1m[92m   Compiling[0m syn v3.0.3
2026-09-05T19:44:23.4026580Z [1m[92m   Compiling[0m syn v2.0.119
2026-09-05T19:44:23.4446601Z [1m[92m    Checking[0m pin-project-lite v0.2.17
2026-09-05T19:44:23.4926488Z [1m[92m   Compiling[0m generic-array v0.14.7
2026-09-05T19:44:23.6226492Z [1m[92m   Compiling[0m find-msvc-tools v0.1.11
2026-09-05T19:44:23.8136530Z [1m[92m   Compiling[0m shlex v2.0.1
2026-09-05T19:44:23.9396508Z [1m[92m    Checking[0m futures-core v0.3.34
2026-09-05T19:44:24.0096377Z [1m[92m   Compiling[0m cc v1.4.4
2026-09-05T19:44:24.4327436Z [1m[92m    Checking[0m scopeguard v1.2.0
2026-09-05T19:44:24.4726674Z [1m[92m    Checking[0m typenum v1.20.1
2026-09-05T19:44:25.3924891Z [1m[92m    Checking[0m lock_api v0.4.14
2026-09-05T19:44:25.5136992Z [1m[92m   Compiling[0m autocfg v1.5.1
2026-09-05T19:44:25.5693364Z [1m[92m    Checking[0m errno v0.3.14
2026-09-05T19:44:25.6354364Z [1m[92m    Checking[0m once_cell v1.21.4
2026-09-05T19:44:25.7923406Z [1m[92m    Checking[0m itoa v1.0.18
2026-09-05T19:44:25.8386651Z [1m[92m    Checking[0m memchr v2.8.3
2026-09-05T19:44:25.8706563Z [1m[92m    Checking[0m signal-hook-registry v1.4.8
2026-09-05T19:44:25.9722626Z [1m[92m    Checking[0m socket2 v0.6.5
2026-09-05T19:44:26.2213393Z [1m[92m    Checking[0m mio v1.2.2
2026-09-05T19:44:26.2306722Z [1m[92m    Checking[0m futures-sink v0.3.34
2026-09-05T19:44:26.2746337Z [1m[92m    Checking[0m log v0.4.34
2026-09-05T19:44:26.3837880Z [1m[92m    Checking[0m slab v0.4.12
2026-09-05T19:44:26.4657063Z [1m[92m    Checking[0m futures-channel v0.3.34
2026-09-05T19:44:26.4866531Z [1m[92m    Checking[0m futures-task v0.3.34
2026-09-05T19:44:26.5696727Z [1m[92m    Checking[0m futures-io v0.3.34
2026-09-05T19:44:26.6056667Z [1m[92m   Compiling[0m icu_properties_data v2.3.0
2026-09-05T19:44:26.6266509Z [1m[92m   Compiling[0m icu_normalizer_data v2.3.0
2026-09-05T19:44:26.7216676Z [1m[92m    Checking[0m tracing-core v0.1.36
2026-09-05T19:44:26.9996411Z [1m[92m   Compiling[0m zerocopy v0.8.56
2026-09-05T19:44:27.2576548Z [1m[92m   Compiling[0m synstructure v0.13.2
2026-09-05T19:44:27.6914869Z [1m[92m    Checking[0m stable_deref_trait v1.2.1
2026-09-05T19:44:27.7734423Z [1m[92m    Checking[0m subtle v2.6.1
2026-09-05T19:44:27.8868930Z [1m[92m    Checking[0m http v1.5.0
2026-09-05T19:44:28.2490070Z [1m[92m    Checking[0m getrandom v0.2.17
2026-09-05T19:44:28.3336472Z [1m[92m   Compiling[0m serde_derive v1.0.229
2026-09-05T19:44:28.3497021Z [1m[92m   Compiling[0m zerovec-derive v0.11.6
2026-09-05T19:44:28.4934530Z [1m[92m   Compiling[0m displaydoc v0.2.7
2026-09-05T19:44:28.8618451Z [1m[92m   Compiling[0m zerofrom-derive v0.1.7
2026-09-05T19:44:29.0976623Z [1m[92m   Compiling[0m yoke-derive v0.8.2
2026-09-05T19:44:29.3567118Z [1m[92m   Compiling[0m tokio-macros v2.7.2
2026-09-05T19:44:29.8983069Z [1m[92m   Compiling[0m tracing-attributes v0.1.31
2026-09-05T19:44:30.0327726Z [1m[92m   Compiling[0m futures-macro v0.3.34
2026-09-05T19:44:30.1006763Z [1m[92m    Checking[0m zerofrom v0.1.8
2026-09-05T19:44:30.1686489Z [1m[92m    Checking[0m yoke v0.8.3
2026-09-05T19:44:30.5127045Z [1m[92m   Compiling[0m zmij v1.0.23
2026-09-05T19:44:30.6666478Z [1m[92m    Checking[0m futures-util v0.3.34
2026-09-05T19:44:30.7366604Z [1m[92m    Checking[0m zerovec v0.11.8
2026-09-05T19:44:31.0116410Z [1m[92m    Checking[0m tracing v0.1.44
2026-09-05T19:44:31.1576685Z [1m[92m    Checking[0m block-buffer v0.10.4
2026-09-05T19:44:31.2178507Z [1m[92m    Checking[0m crypto-common v0.1.7
2026-09-05T19:44:31.2246519Z [1m[92m   Compiling[0m num-traits v0.2.19
2026-09-05T19:44:31.4046986Z [1m[92m    Checking[0m digest v0.10.7
2026-09-05T19:44:31.8295025Z [1m[92m    Checking[0m smallvec v1.15.2
2026-09-05T19:44:32.1177091Z [1m[92m    Checking[0m rand_core v0.10.1
2026-09-05T19:44:32.1237879Z [1m[92m    Checking[0m parking_lot v0.12.5
2026-09-05T19:44:32.2076928Z [1m[92m    Checking[0m percent-encoding v2.3.2
2026-09-05T19:44:32.2736583Z [1m[92m    Checking[0m tokio v1.53.1
2026-09-05T19:44:32.2886622Z [1m[92m    Checking[0m equivalent v1.0.2
2026-09-05T19:44:32.3196552Z [1m[92m    Checking[0m base64 v0.22.1
2026-09-05T19:44:32.5166518Z [1m[92m   Compiling[0m getrandom v0.4.3
2026-09-05T19:44:32.6426954Z [1m[92m   Compiling[0m serde_json v1.0.151
2026-09-05T19:44:32.9886480Z [1m[92m    Checking[0m tinystr v0.8.4
2026-09-05T19:44:33.1096609Z [1m[92m    Checking[0m hashbrown v0.17.1
2026-09-05T19:44:33.5676696Z [1m[92m    Checking[0m litemap v0.8.3
2026-09-05T19:44:33.6943420Z [1m[92m    Checking[0m writeable v0.6.4
2026-09-05T19:44:33.8384902Z [1m[92m    Checking[0m icu_locale_core v2.3.0
2026-09-05T19:44:34.4096781Z [1m[92m    Checking[0m indexmap v2.14.0
2026-09-05T19:44:34.6442590Z [1m[92m    Checking[0m potential_utf v0.1.6
2026-09-05T19:44:34.6616417Z [1m[92m    Checking[0m zerotrie v0.2.5
2026-09-05T19:44:34.8556893Z [1m[92m    Checking[0m byteorder v1.5.0
2026-09-05T19:44:34.9087523Z [1m[92m    Checking[0m bitflags v2.13.1
2026-09-05T19:44:34.9556868Z [1m[92m   Compiling[0m thiserror v2.0.20
2026-09-05T19:44:35.0386458Z [1m[92m    Checking[0m utf8_iter v1.0.4
2026-09-05T19:44:35.1006804Z [1m[92m   Compiling[0m crossbeam-utils v0.8.22
2026-09-05T19:44:35.2175573Z [1m[92m    Checking[0m icu_collections v2.3.0
2026-09-05T19:44:35.2716494Z [1m[92m    Checking[0m icu_provider v2.3.1
2026-09-05T19:44:35.6354471Z [1m[92m    Checking[0m rand_core v0.6.4
2026-09-05T19:44:35.7516960Z [1m[92m   Compiling[0m thiserror-impl v2.0.20
2026-09-05T19:44:35.7726171Z [1m[92m   Compiling[0m httparse v1.10.1
2026-09-05T19:44:35.8346665Z [1m[92m    Checking[0m tokio-util v0.7.19
2026-09-05T19:44:36.1546869Z [1m[92m   Compiling[0m rustls v0.23.43
2026-09-05T19:44:36.2414849Z [1m[92m    Checking[0m cpufeatures v0.2.17
2026-09-05T19:44:36.4487636Z [1m[92m    Checking[0m form_urlencoded v1.2.2
2026-09-05T19:44:36.5154640Z [1m[92m    Checking[0m http-body v1.1.0
2026-09-05T19:44:36.6846568Z [1m[92m   Compiling[0m ring v0.17.14
2026-09-05T19:44:36.7006603Z [1m[92m    Checking[0m tower-service v0.3.3
2026-09-05T19:44:36.7409218Z [1m[92m    Checking[0m zeroize v1.9.0
2026-09-05T19:44:36.9286552Z [1m[92m    Checking[0m icu_properties v2.3.0
2026-09-05T19:44:37.0036587Z [1m[92m   Compiling[0m rustls-pki-types v1.15.1
2026-09-05T19:44:37.3436434Z [1m[92m    Checking[0m icu_normalizer v2.3.0
2026-09-05T19:44:38.2233753Z [1m[92m    Checking[0m tinyvec_macros v0.1.1
2026-09-05T19:44:38.2536457Z [1m[92m    Checking[0m tinyvec v1.12.0
2026-09-05T19:44:39.9126849Z [1m[92m    Checking[0m ppv-lite86 v0.2.21
2026-09-05T19:44:40.1901942Z [1m[92m    Checking[0m rand_chacha v0.3.1
2026-09-05T19:44:40.2996258Z [1m[92m    Checking[0m idna_adapter v1.2.2
2026-09-05T19:44:40.5591834Z [1m[92m   Compiling[0m untrusted v0.9.0
2026-09-05T19:44:40.6234205Z [1m[92m    Checking[0m tower-layer v0.3.3
2026-09-05T19:44:40.7426523Z [1m[92m    Checking[0m idna v1.1.0
2026-09-05T19:44:40.7644260Z [1m[92m    Checking[0m rand v0.8.7
2026-09-05T19:44:41.1198996Z [1m[92m    Checking[0m unicode-normalization v0.1.25
2026-09-05T19:44:41.3457883Z [1m[92m   Compiling[0m async-trait v0.1.92
2026-09-05T19:44:42.3726497Z [1m[92m    Checking[0m try-lock v0.2.5
2026-09-05T19:44:42.9702763Z [1m[92m   Compiling[0m foldhash v0.1.5
2026-09-05T19:44:43.0364761Z [1m[92m    Checking[0m unicode-properties v0.1.4
2026-09-05T19:44:43.1219516Z [1m[92m    Checking[0m fnv v1.0.7
2026-09-05T19:44:43.1471155Z [1m[92m    Checking[0m iana-time-zone v0.1.65
2026-09-05T19:44:43.1934804Z [1m[92m   Compiling[0m pkg-config v0.3.34
2026-09-05T19:44:43.4838900Z [1m[92m    Checking[0m unicode-bidi v0.3.18
2026-09-05T19:44:43.6630591Z [1m[92m    Checking[0m atomic-waker v1.1.2
2026-09-05T19:44:43.6901633Z [1m[92m   Compiling[0m thiserror v1.0.69
2026-09-05T19:44:43.7962342Z [1m[92m   Compiling[0m vcpkg v0.2.15
2026-09-05T19:44:44.1662433Z [1m[92m    Checking[0m httpdate v1.0.3
2026-09-05T19:44:44.1916414Z [1m[92m   Compiling[0m rustversion v1.0.23
2026-09-05T19:44:44.2245843Z [1m[92m   Compiling[0m allocator-api2 v0.2.21
2026-09-05T19:44:44.3480759Z [1m[92m   Compiling[0m openssl-sys v0.9.117
2026-09-05T19:44:44.4350587Z [1m[92m   Compiling[0m hashbrown v0.15.5
2026-09-05T19:44:45.0176176Z [1m[92m    Checking[0m h2 v0.4.18
2026-09-05T19:44:47.0536452Z [1m[92m    Checking[0m stringprep v0.1.5
2026-09-05T19:44:47.1524632Z [1m[92m    Checking[0m chrono v0.4.45
2026-09-05T19:44:47.8126401Z [1m[92m   Compiling[0m rustls-webpki v0.103.15
2026-09-05T19:44:48.1806673Z [1m[92m    Checking[0m want v0.3.1
2026-09-05T19:44:48.2386816Z [1m[92m    Checking[0m url v2.5.8
2026-09-05T19:44:48.6829565Z [1m[92m   Compiling[0m webpki-roots v1.0.9
2026-09-05T19:44:48.7053617Z [1m[92m    Checking[0m http-body-util v0.1.5
2026-09-05T19:44:48.9106413Z [1m[92m    Checking[0m uuid v1.25.0
2026-09-05T19:44:49.1474521Z [1m[92m   Compiling[0m thiserror-impl v1.0.69
2026-09-05T19:44:49.1746498Z [1m[92m    Checking[0m sync_wrapper v1.0.2
2026-09-05T19:44:49.3236408Z [1m[92m    Checking[0m mime v0.3.17
2026-09-05T19:44:49.4246483Z [1m[92m   Compiling[0m parking v2.2.1
2026-09-05T19:44:49.4606610Z [1m[92m    Checking[0m cpufeatures v0.3.0
2026-09-05T19:44:49.6306594Z [1m[92m   Compiling[0m crc-catalog v2.5.0
2026-09-05T19:44:49.7212514Z [1m[92m   Compiling[0m sha2 v0.10.9
2026-09-05T19:44:49.7506660Z [1m[92m   Compiling[0m crc v3.4.0
2026-09-05T19:44:50.2616968Z [1m[92m   Compiling[0m event-listener v5.4.2
2026-09-05T19:44:50.6776528Z [1m[92m   Compiling[0m crossbeam-queue v0.3.13
2026-09-05T19:44:51.2926509Z [1m[92m   Compiling[0m webpki-roots v0.26.11
2026-09-05T19:44:51.3286765Z [1m[92m   Compiling[0m futures-intrusive v0.5.0
2026-09-05T19:44:51.7176847Z [1m[92m    Checking[0m hyper v1.11.0
2026-09-05T19:44:52.2090782Z [1m[92m   Compiling[0m tokio-stream v0.1.19
2026-09-05T19:44:52.5976877Z [1m[92m   Compiling[0m hashlink v0.10.0
2026-09-05T19:44:52.7987810Z [1m[92m   Compiling[0m hmac v0.12.1
2026-09-05T19:44:52.9094305Z [1m[92m    Checking[0m sha1 v0.10.7
2026-09-05T19:44:52.9356413Z [1m[92m   Compiling[0m either v1.18.0
2026-09-05T19:44:53.0136555Z [1m[92m    Checking[0m hybrid-array v0.4.14
2026-09-05T19:44:53.1464852Z [1m[92m    Checking[0m ipnet v2.12.1
2026-09-05T19:44:53.4416490Z [1m[92m    Checking[0m ryu v1.0.23
2026-09-05T19:44:53.5186405Z [1m[92m   Compiling[0m heck v0.5.0
2026-09-05T19:44:54.0217214Z [1m[92m    Checking[0m hyper-util v0.1.20
2026-09-05T19:44:54.2408288Z [1m[92m   Compiling[0m hkdf v0.12.4
2026-09-05T19:44:54.3467244Z [1m[92m    Checking[0m chacha20 v0.10.1
2026-09-05T19:44:54.5026537Z [1m[92m    Checking[0m tower v0.5.3
2026-09-05T19:44:54.9536443Z [1m[92m   Compiling[0m sqlx-core v0.8.6
2026-09-05T19:44:55.3987910Z [1m[92m   Compiling[0m atoi v2.0.0
2026-09-05T19:44:55.5356702Z [1m[92m   Compiling[0m md-5 v0.10.6
2026-09-05T19:44:55.6076477Z [1m[92m    Checking[0m lazy_static v1.5.0
2026-09-05T19:44:55.6496990Z [1m[92m   Compiling[0m whoami v1.6.1
2026-09-05T19:44:55.8696201Z [1m[92m    Checking[0m cmov v0.5.4
2026-09-05T19:44:55.9977079Z [1m[92m    Checking[0m data-encoding v2.11.1
2026-09-05T19:44:56.0316652Z [1m[92m    Checking[0m utf-8 v0.7.6
2026-09-05T19:44:56.1096393Z [1m[92m   Compiling[0m home v0.5.12
2026-09-05T19:44:56.3236547Z [1m[92m   Compiling[0m num-conv v0.2.2
2026-09-05T19:44:56.3614167Z [1m[92m   Compiling[0m dotenvy v0.15.7
2026-09-05T19:44:56.4336580Z [1m[92m   Compiling[0m time-core v0.1.9
2026-09-05T19:44:56.6078082Z [1m[92m   Compiling[0m hex v0.4.3
2026-09-05T19:44:56.8226055Z [1m[92m   Compiling[0m time-macros v0.2.32
2026-09-05T19:44:56.9747474Z [1m[92m    Checking[0m tungstenite v0.24.0
2026-09-05T19:44:56.9856176Z [1m[92m    Checking[0m ctutils v0.4.2
2026-09-05T19:44:57.3756640Z [1m[92m    Checking[0m rand v0.10.2
2026-09-05T19:44:57.8550322Z [1m[92m   Compiling[0m sqlx-postgres v0.8.6
2026-09-05T19:44:58.2106942Z [1m[92m    Checking[0m crypto-common v0.2.2
2026-09-05T19:44:58.3605012Z [1m[92m    Checking[0m block-buffer v0.12.1
2026-09-05T19:44:58.4547286Z [1m[92m    Checking[0m serde_urlencoded v0.7.1
2026-09-05T19:44:58.8455454Z [1m[92m    Checking[0m num-integer v0.1.47
2026-09-05T19:44:59.3462524Z [1m[92m    Checking[0m deranged v0.5.8
2026-09-05T19:44:59.4136406Z [1m[92m    Checking[0m const-oid v0.10.2
2026-09-05T19:44:59.5136413Z [1m[92m   Compiling[0m openssl v0.10.81
2026-09-05T19:44:59.6377450Z [1m[92m    Checking[0m powerfmt v0.2.0
2026-09-05T19:44:59.8414485Z [1m[92m    Checking[0m foreign-types-shared v0.1.1
2026-09-05T19:44:59.8786630Z [1m[92m    Checking[0m foreign-types v0.3.2
2026-09-05T19:44:59.9228230Z [1m[92m    Checking[0m digest v0.11.3
2026-09-05T19:45:00.1046493Z [1m[92m    Checking[0m num-bigint v0.4.8
2026-09-05T19:45:00.3396506Z [1m[92m    Checking[0m time v0.3.55
2026-09-05T19:45:01.1103956Z [1m[92m    Checking[0m tokio-tungstenite v0.24.0
2026-09-05T19:45:01.3096150Z [1m[92m    Checking[0m axum-core v0.4.5
2026-09-05T19:45:02.0146540Z [1m[92m   Compiling[0m sqlx-macros-core v0.8.6
2026-09-05T19:45:02.7206894Z [1m[92m   Compiling[0m openssl-macros v0.1.1
2026-09-05T19:45:02.9048027Z [1m[92m   Compiling[0m axum-macros v0.4.2
2026-09-05T19:45:03.0756502Z [1m[92m    Checking[0m serde_path_to_error v0.1.20
2026-09-05T19:45:03.4936995Z [1m[92m   Compiling[0m native-tls v0.2.18
2026-09-05T19:45:03.7686472Z [1m[92m    Checking[0m matchit v0.7.3
2026-09-05T19:45:03.7726095Z [1m[92m   Compiling[0m anyhow v1.0.104
2026-09-05T19:45:04.4726519Z [1m[92m    Checking[0m axum v0.7.9
2026-09-05T19:45:04.6509307Z [1m[92m   Compiling[0m sqlx-macros v0.8.6
2026-09-05T19:45:05.7167489Z [1m[92m    Checking[0m simple_asn1 v0.6.4
2026-09-05T19:45:05.8646338Z [1m[92m    Checking[0m pem v3.0.6
2026-09-05T19:45:05.9606357Z [1m[92m   Compiling[0m indexmap v1.9.3
2026-09-05T19:45:06.0586404Z [1m[92m    Checking[0m encoding_rs v0.8.35
2026-09-05T19:45:06.5686541Z [1m[92m    Checking[0m regex-syntax v0.8.11
2026-09-05T19:45:06.6836490Z [1m[92m    Checking[0m openssl-probe v0.2.1
2026-09-05T19:45:06.8506575Z [1m[92m    Checking[0m sqlx v0.8.6
2026-09-05T19:45:06.9501646Z [1m[92m    Checking[0m jsonwebtoken v9.3.1
2026-09-05T19:45:07.1486703Z [1m[92m   Compiling[0m pin-project-internal v1.1.13
2026-09-05T19:45:07.3736431Z [1m[92m    Checking[0m regex-automata v0.4.18
2026-09-05T19:45:07.5047118Z [1m[92m    Checking[0m hashbrown v0.12.3
2026-09-05T19:45:08.1576448Z [1m[92m    Checking[0m pin-project v1.1.13
2026-09-05T19:45:08.1656800Z [1m[92m    Checking[0m tokio-native-tls v0.3.1
2026-09-05T19:45:08.1916605Z [1m[92m    Checking[0m hmac v0.13.0
2026-09-05T19:45:08.2486553Z [1m[92m    Checking[0m sha2 v0.11.0
2026-09-05T19:45:08.2836645Z [1m[92m    Checking[0m md-5 v0.11.0
2026-09-05T19:45:08.3087490Z [1m[92m    Checking[0m freebuff-shared v0.1.0 (/home/runner/work/freebuff/freebuff/crates/shared)
2026-09-05T19:45:08.3757015Z [1m[92m    Checking[0m sharded-slab v0.1.7
2026-09-05T19:45:08.7714448Z [1m[92m    Checking[0m matchers v0.2.0
2026-09-05T19:45:08.7779587Z [1m[92m    Checking[0m hdrhistogram v7.6.0
2026-09-05T19:45:08.8302170Z [1m[92m    Checking[0m futures-executor v0.3.34
2026-09-05T19:45:08.8548782Z [1m[92m    Checking[0m tracing-serde v0.2.0
2026-09-05T19:45:08.9166109Z [1m[92m    Checking[0m tracing-log v0.2.0
2026-09-05T19:45:08.9476440Z [1m[92m    Checking[0m thread_local v1.1.10
2026-09-05T19:45:08.9746543Z [1m[92m    Checking[0m nu-ansi-term v0.50.3
2026-09-05T19:45:09.0092366Z [1m[92m    Checking[0m siphasher v1.0.3
2026-09-05T19:45:09.0617393Z [1m[92m    Checking[0m fallible-iterator v0.2.0
2026-09-05T19:45:09.1265342Z [1m[92m    Checking[0m phf_shared v0.13.1
2026-09-05T19:45:09.1414365Z [1m[92m    Checking[0m tracing-subscriber v0.3.23
2026-09-05T19:45:09.2248437Z [1m[92m    Checking[0m tower v0.4.13
2026-09-05T19:45:09.2856459Z [1m[92m    Checking[0m futures v0.3.34
2026-09-05T19:45:09.3176541Z [1m[92m    Checking[0m postgres-protocol v0.6.12
2026-09-05T19:45:09.3256241Z [1m[92m    Checking[0m hyper-tls v0.6.0
2026-09-05T19:45:09.4266589Z [1m[92m    Checking[0m tower-http v0.6.11
2026-09-05T19:45:09.5686478Z [1m[92m    Checking[0m tower-http v0.5.2
2026-09-05T19:45:09.6823989Z [1m[92m    Checking[0m fastrand v2.5.0
2026-09-05T19:45:09.8026867Z [1m[92m    Checking[0m reqwest v0.12.28
2026-09-05T19:45:10.1354360Z [1m[92m    Checking[0m postgres-types v0.2.14
2026-09-05T19:45:10.1916456Z [1m[92m    Checking[0m phf v0.13.1
2026-09-05T19:45:10.2876483Z [1m[92m   Compiling[0m multer v3.1.0
2026-09-05T19:45:10.3954427Z [1m[92m    Checking[0m whoami v2.1.3
2026-09-05T19:45:10.4106693Z [1m[92m    Checking[0m utf8parse v0.2.2
2026-09-05T19:45:10.4543826Z [1m[92m    Checking[0m anstyle-parse v1.0.0
2026-09-05T19:45:10.4716316Z [1m[92m    Checking[0m headers-core v0.3.0
2026-09-05T19:45:10.5116782Z [1m[92m    Checking[0m is_terminal_polyfill v1.70.2
2026-09-05T19:45:10.5326496Z [1m[92m    Checking[0m anstyle-query v1.1.5
2026-09-05T19:45:10.5420610Z [1m[92m    Checking[0m anstyle v1.0.14
2026-09-05T19:45:10.5496450Z [1m[92m    Checking[0m tokio-postgres v0.7.18
2026-09-05T19:45:10.5535953Z [1m[92m    Checking[0m colorchoice v1.0.5
2026-09-05T19:45:10.5738580Z [1m[92m    Checking[0m spin v0.9.9
2026-09-05T19:45:10.5976996Z [1m[92m    Checking[0m headers v0.4.1
2026-09-05T19:45:10.6696595Z [1m[92m    Checking[0m anstream v1.0.0
2026-09-05T19:45:10.7865952Z [1m[92m    Checking[0m clap_lex v1.1.0
2026-09-05T19:45:10.8267062Z [1m[92m   Compiling[0m rustix v1.1.4
2026-09-05T19:45:10.8686557Z [1m[92m   Compiling[0m crc32fast v1.5.1
2026-09-05T19:45:11.0166027Z [1m[92m    Checking[0m strsim v0.11.1
2026-09-05T19:45:11.0806452Z [1m[92m    Checking[0m axum-extra v0.9.6
2026-09-05T19:45:11.1186593Z [1m[92m    Checking[0m clap_builder v4.6.6
2026-09-05T19:45:11.1366802Z [1m[92m    Checking[0m tokio-retry v0.3.2
2026-09-05T19:45:11.2296458Z [1m[92m   Compiling[0m clap_derive v4.6.4
2026-09-05T19:45:11.5576548Z [1m[92m    Checking[0m arc-swap v1.9.2
2026-09-05T19:45:11.7306614Z [1m[92m    Checking[0m combine v4.6.7
2026-09-05T19:45:12.1116526Z [1m[92m    Checking[0m socket2 v0.5.10
2026-09-05T19:45:12.2986657Z [1m[92m    Checking[0m simd-adler32 v0.3.10
2026-09-05T19:45:12.3966491Z [1m[92m    Checking[0m sha1_smol v1.0.1
2026-09-05T19:45:12.4818054Z [1m[92m    Checking[0m linux-raw-sys v0.12.1
2026-09-05T19:45:12.4946193Z [1m[92m    Checking[0m adler2 v2.0.1
2026-09-05T19:45:12.5436530Z [1m[92m   Compiling[0m portable-atomic v1.15.0
2026-09-05T19:45:12.7816694Z [1m[92m    Checking[0m unicode-width v0.2.2
2026-09-05T19:45:12.9296463Z [1m[92m    Checking[0m clap v4.6.6
2026-09-05T19:45:12.9396059Z [1m[92m    Checking[0m console v0.15.11
2026-09-05T19:45:12.9606348Z [1m[92m    Checking[0m miniz_oxide v0.9.1
2026-09-05T19:45:13.2696336Z [1m[92m    Checking[0m deadpool-runtime v0.1.4
2026-09-05T19:45:13.2816263Z [1m[92m    Checking[0m toml_datetime v0.6.11
2026-09-05T19:45:13.3363785Z [1m[92m    Checking[0m serde_spanned v0.6.9
2026-09-05T19:45:13.4002574Z [1m[92m    Checking[0m num_cpus v1.17.0
2026-09-05T19:45:13.4121171Z [1m[92m    Checking[0m winnow v0.7.15
2026-09-05T19:45:13.4956330Z [1m[92m    Checking[0m base64ct v1.8.3
2026-09-05T19:45:13.6706886Z [1m[92m    Checking[0m option-ext v0.2.0
2026-09-05T19:45:13.7056305Z [1m[92m    Checking[0m same-file v1.0.6
2026-09-05T19:45:13.7626351Z [1m[92m    Checking[0m toml_write v0.1.2
2026-09-05T19:45:13.8756336Z [1m[92m    Checking[0m walkdir v2.5.0
2026-09-05T19:45:13.9806385Z [1m[92m    Checking[0m dirs-sys v0.4.1
2026-09-05T19:45:14.0406484Z [1m[92m    Checking[0m password-hash v0.5.0
2026-09-05T19:45:14.2086383Z [1m[92m    Checking[0m deadpool v0.12.3
2026-09-05T19:45:14.2776580Z [1m[92m    Checking[0m tempfile v3.27.0
2026-09-05T19:45:14.3816441Z [1m[92m    Checking[0m flate2 v1.1.10
2026-09-05T19:45:14.6355945Z [1m[92m    Checking[0m blake2 v0.10.6
2026-09-05T19:45:14.7936383Z [1m[92m    Checking[0m shell-words v1.1.1
2026-09-05T19:45:14.8056343Z [1m[92m    Checking[0m toml_edit v0.22.27
2026-09-05T19:45:14.8456473Z [1m[92m    Checking[0m number_prefix v0.4.0
2026-09-05T19:45:14.8552762Z [1m[92m    Checking[0m hashbrown v0.14.5
2026-09-05T19:45:14.9076629Z [1m[92m    Checking[0m indicatif v0.17.11
2026-09-05T19:45:15.2096296Z [1m[92m    Checking[0m dialoguer v0.11.0
2026-09-05T19:45:15.3036405Z [1m[92m    Checking[0m dashmap v5.5.3
2026-09-05T19:45:15.4210660Z [1m[92m    Checking[0m redis v0.25.5
2026-09-05T19:45:15.4546413Z [1m[92m    Checking[0m argon2 v0.5.3
2026-09-05T19:45:15.5446571Z [1m[92m    Checking[0m deadpool-postgres v0.14.1
2026-09-05T19:45:15.7028208Z [1m[92m    Checking[0m dirs v5.0.1
2026-09-05T19:45:15.7476498Z [1m[92m    Checking[0m colored v2.2.0
2026-09-05T19:45:15.8966908Z [1m[92m    Checking[0m bb8 v0.8.6
2026-09-05T19:45:16.1076771Z [1m[92m    Checking[0m freebuff-cdc-service v0.1.0 (/home/runner/work/freebuff/freebuff/crates/cdc-service)
2026-09-05T19:45:16.1584538Z [1m[92m    Checking[0m toml v0.8.23
2026-09-05T19:45:16.3937195Z [1m[92m    Checking[0m freebuff-branch-service v0.1.0 (/home/runner/work/freebuff/freebuff/crates/branch-service)
2026-09-05T19:45:16.4044453Z [1m[33mwarning[0m[1m: unused imports: `ReplicationMessage` and `SubscriptionFilter`[0m
2026-09-05T19:45:16.4046371Z   [1m[94m--> [0mcrates/cdc-service/src/logical_replication.rs:10:5
2026-09-05T19:45:16.4076767Z    [1m[94m|[0m
2026-09-05T19:45:16.4106429Z [1m[94m10[0m [1m[94m|[0m     ReplicationMessage, SubscriptionFilter,
2026-09-05T19:45:16.4136430Z    [1m[94m|[0m     [1m[33m^^^^^^^^^^^^^^^^^^[0m  [1m[33m^^^^^^^^^^^^^^^^^^[0m
2026-09-05T19:45:16.4137547Z    [1m[94m|[0m
2026-09-05T19:45:16.4166255Z    [1m[94m= [0m[1mnote[0m: `#[warn(unused_imports)]` (part of `#[warn(unused)]`) on by default
2026-09-05T19:45:16.4195534Z 
2026-09-05T19:45:16.4226119Z [1m[33mwarning[0m[1m: unused import: `Query`[0m
2026-09-05T19:45:16.4227221Z  [1m[94m--> [0mcrates/cdc-service/src/subscription.rs:1:35
2026-09-05T19:45:16.4255847Z   [1m[94m|[0m
2026-09-05T19:45:16.4313598Z [1m[94m1[0m [1m[94m|[0m use axum::{extract::{Path, State, Query}, Json};
2026-09-05T19:45:16.4314461Z   [1m[94m|[0m                                   [1m[33m^^^^^[0m
2026-09-05T19:45:16.4385701Z 
2026-09-05T19:45:16.4406385Z [1m[33mwarning[0m[1m: unused import: `std::sync::Arc`[0m
2026-09-05T19:45:16.4413816Z  [1m[94m--> [0mcrates/cdc-service/src/subscription.rs:3:5
2026-09-05T19:45:16.4445874Z   [1m[94m|[0m
2026-09-05T19:45:16.4455957Z [1m[94m3[0m [1m[94m|[0m use std::sync::Arc;
2026-09-05T19:45:16.4495891Z   [1m[94m|[0m     [1m[33m^^^^^^^^^^^^^^[0m
2026-09-05T19:45:16.4505504Z 
2026-09-05T19:45:16.4536161Z [1m[33mwarning[0m[1m: unused import: `std::collections::HashMap`[0m
2026-09-05T19:45:16.4555969Z  [1m[94m--> [0mcrates/cdc-service/src/presence.rs:4:5
2026-09-05T19:45:16.4565910Z   [1m[94m|[0m
2026-09-05T19:45:16.4596057Z [1m[94m4[0m [1m[94m|[0m use std::collections::HashMap;
2026-09-05T19:45:16.4625835Z   [1m[94m|[0m     [1m[33m^^^^^^^^^^^^^^^^^^^^^^^^^[0m
2026-09-05T19:45:16.4645403Z 
2026-09-05T19:45:16.4655882Z [1m[33mwarning[0m[1m: unused import: `Query`[0m
2026-09-05T19:45:16.4685830Z  [1m[94m--> [0mcrates/cdc-service/src/broadcast.rs:1:35
2026-09-05T19:45:16.4686399Z   [1m[94m|[0m
2026-09-05T19:45:16.4687137Z [1m[94m1[0m [1m[94m|[0m use axum::{extract::{Path, State, Query}, Json};
2026-09-05T19:45:16.4687915Z   [1m[94m|[0m                                   [1m[33m^^^^^[0m
2026-09-05T19:45:16.4688284Z 
2026-09-05T19:45:16.4688770Z [1m[33mwarning[0m[1m: unused import: `std::collections::HashMap`[0m
2026-09-05T19:45:16.4689488Z  [1m[94m--> [0mcrates/cdc-service/src/broadcast.rs:4:5
2026-09-05T19:45:16.4690002Z   [1m[94m|[0m
2026-09-05T19:45:16.4690533Z [1m[94m4[0m [1m[94m|[0m use std::collections::HashMap;
2026-09-05T19:45:16.4691139Z   [1m[94m|[0m     [1m[33m^^^^^^^^^^^^^^^^^^^^^^^^^[0m
2026-09-05T19:45:16.4691462Z 
2026-09-05T19:45:16.4776419Z [1m[92m    Checking[0m freebuff-cli v0.1.0 (/home/runner/work/freebuff/freebuff/crates/cli)
2026-09-05T19:45:16.4866498Z [1m[33mwarning[0m[1m: unused import: `crate::BranchState`[0m
2026-09-05T19:45:16.4896203Z  [1m[94m--> [0mcrates/branch-service/src/branch_manager.rs:6:5
2026-09-05T19:45:16.4925821Z   [1m[94m|[0m
2026-09-05T19:45:16.4946269Z [1m[94m6[0m [1m[94m|[0m use crate::BranchState;
2026-09-05T19:45:16.4985891Z   [1m[94m|[0m     [1m[33m^^^^^^^^^^^^^^^^^^[0m
2026-09-05T19:45:16.4986432Z   [1m[94m|[0m
2026-09-05T19:45:16.4999823Z   [1m[94m= [0m[1mnote[0m: `#[warn(unused_imports)]` (part of `#[warn(unused)]`) on by default
2026-09-05T19:45:16.5000431Z 
2026-09-05T19:45:16.5001010Z [1m[33mwarning[0m[1m: unused import: `std::path::PathBuf`[0m
2026-09-05T19:45:16.5002235Z  [1m[94m--> [0mcrates/branch-service/src/base_backup.rs:2:5
2026-09-05T19:45:16.5002912Z   [1m[94m|[0m
2026-09-05T19:45:16.5003522Z [1m[94m2[0m [1m[94m|[0m use std::path::PathBuf;
2026-09-05T19:45:16.5004138Z   [1m[94m|[0m     [1m[33m^^^^^^^^^^^^^^^^^^[0m
2026-09-05T19:45:16.5004468Z 
2026-09-05T19:45:16.5788297Z [1m[33mwarning[0m[1m: variable does not need to be mutable[0m
2026-09-05T19:45:16.5816245Z   [1m[94m--> [0mcrates/cdc-service/src/logical_replication.rs:55:22
2026-09-05T19:45:16.5816928Z    [1m[94m|[0m
2026-09-05T19:45:16.5817997Z [1m[94m55[0m [1m[94m|[0m         let (client, mut connection) = tokio_postgres::connect(database_url, NoTls).await?;
2026-09-05T19:45:16.5819001Z    [1m[94m|[0m                      [1m[94m----[0m[1m[33m^^^^^^^^^^[0m
2026-09-05T19:45:16.5819680Z    [1m[94m|[0m                      [1m[94m|[0m
2026-09-05T19:45:16.5820323Z    [1m[94m|[0m                      [1m[94mhelp: remove this `mut`[0m
2026-09-05T19:45:16.5820895Z    [1m[94m|[0m
2026-09-05T19:45:16.5821559Z    [1m[94m= [0m[1mnote[0m: `#[warn(unused_mut)]` (part of `#[warn(unused)]`) on by default
2026-09-05T19:45:16.5822064Z 
2026-09-05T19:45:16.6189710Z [1m[33mwarning[0m[1m: variable does not need to be mutable[0m
2026-09-05T19:45:16.6236422Z    [1m[94m--> [0mcrates/cdc-service/src/logical_replication.rs:108:22
2026-09-05T19:45:16.6252068Z     [1m[94m|[0m
2026-09-05T19:45:16.6296522Z [1m[94m108[0m [1m[94m|[0m         let (client, mut connection) = tokio_postgres::connect(
2026-09-05T19:45:16.6326096Z     [1m[94m|[0m                      [1m[94m----[0m[1m[33m^^^^^^^^^^[0m
2026-09-05T19:45:16.6346216Z     [1m[94m|[0m                      [1m[94m|[0m
2026-09-05T19:45:16.6376299Z     [1m[94m|[0m                      [1m[94mhelp: remove this `mut`[0m
2026-09-05T19:45:16.6405554Z 
2026-09-05T19:45:16.6566799Z [1m[33mwarning[0m[1m: unused import: `std::path::PathBuf`[0m
2026-09-05T19:45:16.6567726Z  [1m[94m--> [0mcrates/cli/src/commands/push.rs:3:5
2026-09-05T19:45:16.6625806Z   [1m[94m|[0m
2026-09-05T19:45:16.6636125Z [1m[94m3[0m [1m[94m|[0m use std::path::PathBuf;
2026-09-05T19:45:16.6676002Z   [1m[94m|[0m     [1m[33m^^^^^^^^^^^^^^^^^^[0m
2026-09-05T19:45:16.6715795Z   [1m[94m|[0m
2026-09-05T19:45:16.6746109Z   [1m[94m= [0m[1mnote[0m: `#[warn(unused_imports)]` (part of `#[warn(unused)]`) on by default
2026-09-05T19:45:16.6758842Z 
2026-09-05T19:45:16.6796459Z [1m[33mwarning[0m[1m: unused import: `crate::client::ApiClient`[0m
2026-09-05T19:45:16.6825999Z   [1m[94m--> [0mcrates/cli/src/commands/mod.rs:12:5
2026-09-05T19:45:16.6855843Z    [1m[94m|[0m
2026-09-05T19:45:16.6886236Z [1m[94m12[0m [1m[94m|[0m use crate::client::ApiClient;
2026-09-05T19:45:16.6905906Z    [1m[94m|[0m     [1m[33m^^^^^^^^^^^^^^^^^^^^^^^^[0m
2026-09-05T19:45:16.6915406Z 
2026-09-05T19:45:16.6946739Z [1m[33mwarning[0m[1m: unused imports: `BranchCommands`, `ConfigCommands`, `DevCommands`, `MigrationCommands`, and `ProjectCommands`[0m
2026-09-05T19:45:16.6966803Z   [1m[94m--> [0mcrates/cli/src/commands/mod.rs:14:31
2026-09-05T19:45:16.6975702Z    [1m[94m|[0m
2026-09-05T19:45:16.7006707Z [1m[94m14[0m [1m[94m|[0m pub use crate::{AuthCommands, ProjectCommands, BranchCommands, MigrationCommands, DevCommands, ConfigCommands};
2026-09-05T19:45:16.7026428Z    [1m[94m|[0m                               [1m[33m^^^^^^^^^^^^^^^[0m  [1m[33m^^^^^^^^^^^^^^[0m  [1m[33m^^^^^^^^^^^^^^^^^[0m  [1m[33m^^^^^^^^^^^[0m  [1m[33m^^^^^^^^^^^^^^[0m
2026-09-05T19:45:16.7055763Z 
2026-09-05T19:45:16.7077121Z [1m[91merror[E0382][0m[1m: borrow of moved value: `input.target_lsn`[0m
2026-09-05T19:45:16.7095990Z   [1m[94m--> [0mcrates/branch-service/src/restore.rs:59:40
2026-09-05T19:45:16.7115850Z    [1m[94m|[0m
2026-09-05T19:45:16.7146013Z [1m[94m43[0m [1m[94m|[0m     let target = input.target_lsn
2026-09-05T19:45:16.7176664Z    [1m[94m|[0m                  [1m[94m----------------[0m [1m[94mvalue moved here[0m
2026-09-05T19:45:16.7177425Z [1m[94m...[0m
2026-09-05T19:45:16.7206139Z [1m[94m59[0m [1m[94m|[0m     let recovery_content = if let Some(ref lsn) = input.target_lsn {
2026-09-05T19:45:16.7236195Z    [1m[94m|[0m                                        [1m[91m^^^^^^^[0m [1m[91mvalue borrowed here after move[0m
2026-09-05T19:45:16.7255709Z    [1m[94m|[0m
2026-09-05T19:45:16.7286932Z    [1m[94m= [0m[1mnote[0m: move occurs because `input.target_lsn` has type `std::option::Option<std::string::String>`, which does not implement the `Copy` trait
2026-09-05T19:45:16.7288181Z 
2026-09-05T19:45:16.7316207Z [1m[91merror[E0382][0m[1m: borrow of moved value: `ws_sender`[0m
2026-09-05T19:45:16.7346059Z    [1m[94m--> [0mcrates/cdc-service/src/websocket.rs:175:25
2026-09-05T19:45:16.7375787Z     [1m[94m|[0m
2026-09-05T19:45:16.7376530Z [1m[94m110[0m [1m[94m|[0m     let (mut ws_sender, mut ws_receiver) = socket.split();
2026-09-05T19:45:16.7407180Z     [1m[94m|[0m          [1m[94m-------------[0m [1m[94mmove occurs because `ws_sender` has type `SplitSink<WebSocket, axum::extract::ws::Message>`, which does not implement the `Copy` trait[0m
2026-09-05T19:45:16.7408545Z [1m[94m...[0m
2026-09-05T19:45:16.7409127Z [1m[94m139[0m [1m[94m|[0m     let mut ws_sender_clone = ws_sender;
2026-09-05T19:45:16.7409988Z     [1m[94m|[0m                               [1m[94m---------[0m [1m[94mvalue moved here[0m
2026-09-05T19:45:16.7410650Z [1m[94m...[0m
2026-09-05T19:45:16.7411435Z [1m[94m175[0m [1m[94m|[0m                 let _ = ws_sender.send(Message::Pong(data)).await;
2026-09-05T19:45:16.7412432Z     [1m[94m|[0m                         [1m[91m^^^^^^^^^[0m [1m[91mvalue borrowed here after move[0m
2026-09-05T19:45:16.7413485Z 
2026-09-05T19:45:16.7668404Z [1m[91merror[E0382][0m[1m: use of moved value: `presence_state`[0m
2026-09-05T19:45:16.7696113Z    [1m[94m--> [0mcrates/cdc-service/src/websocket.rs:395:32
2026-09-05T19:45:16.7725795Z     [1m[94m|[0m
2026-09-05T19:45:16.7726992Z [1m[94m379[0m [1m[94m|[0m         WsClientMessage::PresenceJoin { channel, key, state: presence_state } => {
2026-09-05T19:45:16.7729107Z     [1m[94m|[0m                                                              [1m[94m--------------[0m [1m[94mmove occurs because `presence_state` has type `serde_json::Value`, which does not implement the `Copy` trait[0m
2026-09-05T19:45:16.7730418Z [1m[94m...[0m
2026-09-05T19:45:16.7730981Z [1m[94m384[0m [1m[94m|[0m                 presence_state,
2026-09-05T19:45:16.7731817Z     [1m[94m|[0m                 [1m[94m--------------[0m [1m[94mvalue moved here[0m
2026-09-05T19:45:16.7732493Z [1m[94m...[0m
2026-09-05T19:45:16.7733114Z [1m[94m395[0m [1m[94m|[0m                         state: presence_state,
2026-09-05T19:45:16.7734070Z     [1m[94m|[0m                                [1m[91m^^^^^^^^^^^^^^[0m [1m[91mvalue used here after move[0m
2026-09-05T19:45:16.7734806Z     [1m[94m|[0m
2026-09-05T19:45:16.7736080Z [1m[92mnote[0m: consider changing this parameter type in method `join` to borrow instead if owning the value isn't necessary
2026-09-05T19:45:16.7737239Z    [1m[94m--> [0mcrates/cdc-service/src/presence.rs:50:16
2026-09-05T19:45:16.7737807Z     [1m[94m|[0m
2026-09-05T19:45:16.7738290Z [1m[94m 45[0m [1m[94m|[0m     pub async fn join(
2026-09-05T19:45:16.7739000Z     [1m[94m|[0m                  [1m[94m----[0m [1m[94min this method[0m
2026-09-05T19:45:16.7739615Z [1m[94m...[0m
2026-09-05T19:45:16.7740274Z [1m[94m 50[0m [1m[94m|[0m         state: serde_json::Value,
2026-09-05T19:45:16.7741179Z     [1m[94m|[0m                [1m[92m^^^^^^^^^^^^^^^^^[0m [1m[92mthis parameter takes ownership of the value[0m
2026-09-05T19:45:16.7742199Z [1m[96mhelp[0m: consider cloning the value if the performance cost is acceptable
2026-09-05T19:45:16.7742892Z     [1m[94m|[0m
2026-09-05T19:45:16.7743832Z [1m[94m384[0m [1m[94m| [0m                presence_state[92m.clone()[0m,
2026-09-05T19:45:16.7744549Z     [1m[94m|[0m                               [92m++++++++[0m
2026-09-05T19:45:16.7744912Z 
2026-09-05T19:45:16.8507064Z [1m[33mwarning[0m[1m: unused variable: `state`[0m
2026-09-05T19:45:16.8526213Z   [1m[94m--> [0mcrates/branch-service/src/restore.rs:32:11
2026-09-05T19:45:16.8535827Z    [1m[94m|[0m
2026-09-05T19:45:16.8536532Z [1m[94m32[0m [1m[94m|[0m     State(state): State<BranchState>,
2026-09-05T19:45:16.8537829Z    [1m[94m|[0m           [1m[33m^^^^^[0m [1m[33mhelp: if this is intentional, prefix it with an underscore: `_state`[0m
2026-09-05T19:45:16.8538878Z    [1m[94m|[0m
2026-09-05T19:45:16.8539842Z    [1m[94m= [0m[1mnote[0m: `#[warn(unused_variables)]` (part of `#[warn(unused)]`) on by default
2026-09-05T19:45:16.8540628Z 
2026-09-05T19:45:16.8589213Z [1mFor more information about this error, try `rustc --explain E0382`.[0m
2026-09-05T19:45:16.8646604Z [1m[33mwarning[0m: `freebuff-branch-service` (bin "freebuff-branch-service") generated 3 warnings
2026-09-05T19:45:16.8666663Z [1m[91merror[0m: could not compile `freebuff-branch-service` (bin "freebuff-branch-service") due to 1 previous error; 3 warnings emitted
2026-09-05T19:45:16.8706017Z [1m[33mwarning[0m: build failed, waiting for other jobs to finish...
2026-09-05T19:45:17.1201540Z [1m[33mwarning[0m[1m: unused variable: `output`[0m
2026-09-05T19:45:17.1202667Z   [1m[94m--> [0mcrates/cli/src/commands/project.rs:25:5
2026-09-05T19:45:17.1203555Z    [1m[94m|[0m
2026-09-05T19:45:17.1204413Z [1m[94m25[0m [1m[94m|[0m     output: &str,
2026-09-05T19:45:17.1206053Z    [1m[94m|[0m     [1m[33m^^^^^^[0m [1m[33mhelp: if this is intentional, prefix it with an underscore: `_output`[0m
2026-09-05T19:45:17.1207635Z    [1m[94m|[0m
2026-09-05T19:45:17.1208627Z    [1m[94m= [0m[1mnote[0m: `#[warn(unused_variables)]` (part of `#[warn(unused)]`) on by default
2026-09-05T19:45:17.1209428Z 
2026-09-05T19:45:17.1303327Z [1m[91merror[E0425][0m[1m: cannot find function `delete` in this scope[0m
2026-09-05T19:45:17.1305025Z    [1m[94m--> [0mcrates/cdc-service/src/main.rs:108:50
2026-09-05T19:45:17.1306266Z     [1m[94m|[0m
2026-09-05T19:45:17.1307705Z [1m[94m108[0m [1m[94m|[0m         .route("/realtime/v1/channels/:channel", delete(subscription::remove_subscription))
2026-09-05T19:45:17.1309266Z     [1m[94m|[0m                                                  [1m[91m^^^^^^[0m [1m[91mnot found in this scope[0m
2026-09-05T19:45:17.1310069Z 
2026-09-05T19:45:17.1384152Z [1m[33mwarning[0m[1m: unused variable: `config`[0m
2026-09-05T19:45:17.1385890Z   [1m[94m--> [0mcrates/cli/src/commands/branch.rs:96:9
2026-09-05T19:45:17.1386837Z    [1m[94m|[0m
2026-09-05T19:45:17.1387978Z [1m[94m96[0m [1m[94m|[0m     let config = crate::config::Config::load(None)?;
2026-09-05T19:45:17.1389434Z    [1m[94m|[0m         [1m[33m^^^^^^[0m [1m[33mhelp: if this is intentional, prefix it with an underscore: `_config`[0m
2026-09-05T19:45:17.1390350Z 
2026-09-05T19:45:17.1443573Z [1m[33mwarning[0m[1m: unused variable: `output`[0m
2026-09-05T19:45:17.1445021Z   [1m[94m--> [0mcrates/cli/src/commands/push.rs:13:5
2026-09-05T19:45:17.1446227Z    [1m[94m|[0m
2026-09-05T19:45:17.1447023Z [1m[94m13[0m [1m[94m|[0m     output: &str,
2026-09-05T19:45:17.1448296Z    [1m[94m|[0m     [1m[33m^^^^^^[0m [1m[33mhelp: if this is intentional, prefix it with an underscore: `_output`[0m
2026-09-05T19:45:17.1449211Z 
2026-09-05T19:45:17.1529122Z [1m[33mwarning[0m[1m: variable does not need to be mutable[0m
2026-09-05T19:45:17.1532345Z    [1m[94m--> [0mcrates/cli/src/commands/push.rs:152:9
2026-09-05T19:45:17.1533406Z     [1m[94m|[0m
2026-09-05T19:45:17.1534264Z [1m[94m152[0m [1m[94m|[0m     let mut in_comment = false;
2026-09-05T19:45:17.1535516Z     [1m[94m|[0m         [1m[94m----[0m[1m[33m^^^^^^^^^^[0m
2026-09-05T19:45:17.1536868Z     [1m[94m|[0m         [1m[94m|[0m
2026-09-05T19:45:17.1537811Z     [1m[94m|[0m         [1m[94mhelp: remove this `mut`[0m
2026-09-05T19:45:17.1538633Z     [1m[94m|[0m
2026-09-05T19:45:17.1539551Z     [1m[94m= [0m[1mnote[0m: `#[warn(unused_mut)]` (part of `#[warn(unused)]`) on by default
2026-09-05T19:45:17.1540324Z 
2026-09-05T19:45:17.1540919Z [1m[33mwarning[0m[1m: variable does not need to be mutable[0m
2026-09-05T19:45:17.1541890Z    [1m[94m--> [0mcrates/cli/src/commands/push.rs:153:9
2026-09-05T19:45:17.1542685Z     [1m[94m|[0m
2026-09-05T19:45:17.1543446Z [1m[94m153[0m [1m[94m|[0m     let mut in_string = false;
2026-09-05T19:45:17.1544462Z     [1m[94m|[0m         [1m[94m----[0m[1m[33m^^^^^^^^^[0m
2026-09-05T19:45:17.1545710Z     [1m[94m|[0m         [1m[94m|[0m
2026-09-05T19:45:17.1546626Z     [1m[94m|[0m         [1m[94mhelp: remove this `mut`[0m
2026-09-05T19:45:17.1547215Z 
2026-09-05T19:45:17.1547763Z [1m[33mwarning[0m[1m: unused variable: `in_comment`[0m
2026-09-05T19:45:17.1548735Z    [1m[94m--> [0mcrates/cli/src/commands/push.rs:152:9
2026-09-05T19:45:17.1549549Z     [1m[94m|[0m
2026-09-05T19:45:17.1550366Z [1m[94m152[0m [1m[94m|[0m     let mut in_comment = false;
2026-09-05T19:45:17.1551816Z     [1m[94m|[0m         [1m[33m^^^^^^^^^^^^^^[0m [1m[33mhelp: if this is intentional, prefix it with an underscore: `_in_comment`[0m
2026-09-05T19:45:17.1552777Z 
2026-09-05T19:45:17.1553422Z [1m[33mwarning[0m[1m: unused variable: `in_string`[0m
2026-09-05T19:45:17.1554499Z    [1m[94m--> [0mcrates/cli/src/commands/push.rs:153:9
2026-09-05T19:45:17.1555562Z     [1m[94m|[0m
2026-09-05T19:45:17.1556359Z [1m[94m153[0m [1m[94m|[0m     let mut in_string = false;
2026-09-05T19:45:17.1557640Z     [1m[94m|[0m         [1m[33m^^^^^^^^^^^^^[0m [1m[33mhelp: if this is intentional, prefix it with an underscore: `_in_string`[0m
2026-09-05T19:45:17.1558919Z 
2026-09-05T19:45:17.1819010Z [1m[33mwarning[0m[1m: unused variable: `output`[0m
2026-09-05T19:45:17.1821412Z    [1m[94m--> [0mcrates/cli/src/commands/migrations.rs:123:60
2026-09-05T19:45:17.1822303Z     [1m[94m|[0m
2026-09-05T19:45:17.1823410Z [1m[94m123[0m [1m[94m|[0m async fn run_migrations(client: &ApiClient, dry_run: bool, output: &str) -> Result<()> {
2026-09-05T19:45:17.1825480Z     [1m[94m|[0m                                                            [1m[33m^^^^^^[0m [1m[33mhelp: if this is intentional, prefix it with an underscore: `_output`[0m
2026-09-05T19:45:17.1826482Z 
2026-09-05T19:45:17.1827057Z [1m[33mwarning[0m[1m: unused variable: `project_id`[0m
2026-09-05T19:45:17.1827997Z    [1m[94m--> [0mcrates/cli/src/commands/migrations.rs:124:9
2026-09-05T19:45:17.1828780Z     [1m[94m|[0m
2026-09-05T19:45:17.1829649Z [1m[94m124[0m [1m[94m|[0m     let project_id = resolve_project(client).await?;
2026-09-05T19:45:17.1831109Z     [1m[94m|[0m         [1m[33m^^^^^^^^^^[0m [1m[33mhelp: if this is intentional, prefix it with an underscore: `_project_id`[0m
2026-09-05T19:45:17.1831978Z 
2026-09-05T19:45:17.1841556Z [1m[33mwarning[0m[1m: unused variable: `project_id`[0m
2026-09-05T19:45:17.1842854Z    [1m[94m--> [0mcrates/cli/src/commands/migrations.rs:182:9
2026-09-05T19:45:17.1843648Z     [1m[94m|[0m
2026-09-05T19:45:17.1844477Z [1m[94m182[0m [1m[94m|[0m     let project_id = resolve_project(client).await?;
2026-09-05T19:45:17.1846158Z     [1m[94m|[0m         [1m[33m^^^^^^^^^^[0m [1m[33mhelp: if this is intentional, prefix it with an underscore: `_project_id`[0m
2026-09-05T19:45:17.1847143Z 
2026-09-05T19:45:17.1971781Z [1m[33mwarning[0m[1m: unused variable: `key_type`[0m
2026-09-05T19:45:17.1973492Z    [1m[94m--> [0mcrates/cli/src/commands/status.rs:104:25
2026-09-05T19:45:17.1974380Z     [1m[94m|[0m
2026-09-05T19:45:17.1975648Z [1m[94m104[0m [1m[94m|[0m                     let key_type = key["key_type"].as_str().unwrap_or("unknown");
2026-09-05T19:45:17.1977562Z     [1m[94m|[0m                         [1m[33m^^^^^^^^[0m [1m[33mhelp: if this is intentional, prefix it with an underscore: `_key_type`[0m
2026-09-05T19:45:17.1978512Z 
2026-09-05T19:45:17.2046617Z [1m[33mwarning[0m[1m: unused variable: `data`[0m
2026-09-05T19:45:17.2048087Z    [1m[94m--> [0mcrates/cdc-service/src/logical_replication.rs:486:38
2026-09-05T19:45:17.2049005Z     [1m[94m|[0m
2026-09-05T19:45:17.2050054Z [1m[94m486[0m [1m[94m|[0m     fn parse_truncate_message(&self, data: &[u8]) -> Result<ChangeEvent> {
2026-09-05T19:45:17.2051606Z     [1m[94m|[0m                                      [1m[33m^^^^[0m [1m[33mhelp: if this is intentional, prefix it with an underscore: `_data`[0m
2026-09-05T19:45:17.2052631Z     [1m[94m|[0m
2026-09-05T19:45:17.2053548Z     [1m[94m= [0m[1mnote[0m: `#[warn(unused_variables)]` (part of `#[warn(unused)]`) on by default
2026-09-05T19:45:17.2054407Z 
2026-09-05T19:45:17.2546222Z [1m[91merror[E0004][0m[1m: non-exhaustive patterns: `&FilterCondition::GreaterThanOrEqual(_)` and `&FilterCondition::LessThanOrEqual(_)` not covered[0m
2026-09-05T19:45:17.2548402Z    [1m[94m--> [0mcrates/cdc-service/src/change_event.rs:258:31
2026-09-05T19:45:17.2549229Z     [1m[94m|[0m
2026-09-05T19:45:17.2550076Z [1m[94m258[0m [1m[94m|[0m                         match &col_filter.condition {
2026-09-05T19:45:17.2552197Z     [1m[94m|[0m                               [1m[91m^^^^^^^^^^^^^^^^^^^^^[0m [1m[91mpatterns `&FilterCondition::GreaterThanOrEqual(_)` and `&FilterCondition::LessThanOrEqual(_)` not covered[0m
2026-09-05T19:45:17.2553694Z     [1m[94m|[0m
2026-09-05T19:45:17.2574951Z [1m[92mnote[0m: `FilterCondition` defined here
2026-09-05T19:45:17.2576259Z    [1m[94m--> [0mcrates/cdc-service/src/change_event.rs:313:10
2026-09-05T19:45:17.2577571Z     [1m[94m|[0m
2026-09-05T19:45:17.2578396Z [1m[94m313[0m [1m[94m|[0m pub enum FilterCondition {
2026-09-05T19:45:17.2579259Z     [1m[94m|[0m          [1m[92m^^^^^^^^^^^^^^^[0m
2026-09-05T19:45:17.2580025Z [1m[94m...[0m
2026-09-05T19:45:17.2581266Z [1m[94m321[0m [1m[94m|[0m     GreaterThanOrEqual(serde_json::Value),
2026-09-05T19:45:17.2582477Z     [1m[94m|[0m     [1m[94m------------------[0m [1m[94mnot covered[0m
2026-09-05T19:45:17.2605815Z [1m[94m...[0m
2026-09-05T19:45:17.2626774Z [1m[94m325[0m [1m[94m|[0m     LessThanOrEqual(serde_json::Value),
2026-09-05T19:45:17.2636559Z     [1m[94m|[0m     [1m[94m---------------[0m [1m[94mnot covered[0m
2026-09-05T19:45:17.2637662Z     [1m[94m= [0m[1mnote[0m: the matched value is of type `&FilterCondition`
2026-09-05T19:45:17.2639533Z [1m[96mhelp[0m: ensure that all possible cases are being handled by adding a match arm with a wildcard pattern, a match arm with multiple or-patterns as shown, or multiple match arms
2026-09-05T19:45:17.2641117Z     [1m[94m|[0m
2026-09-05T19:45:17.2641899Z [1m[94m297[0m [92m~ [0m                            }[92m,[0m
2026-09-05T19:45:17.2643496Z [1m[94m298[0m [92m+                             &FilterCondition::GreaterThanOrEqual(_) | &FilterCondition::LessThanOrEqual(_) => todo!()[0m
2026-09-05T19:45:17.2644712Z     [1m[94m|[0m
2026-09-05T19:45:17.2645439Z 
2026-09-05T19:45:17.2786382Z [1m[33mwarning[0m[1m: method `token` is never used[0m
2026-09-05T19:45:17.2788421Z    [1m[94m--> [0mcrates/cli/src/config.rs:172:12
2026-09-05T19:45:17.2789129Z     [1m[94m|[0m
2026-09-05T19:45:17.2789730Z [1m[94m122[0m [1m[94m|[0m impl Credentials {
2026-09-05T19:45:17.2790678Z     [1m[94m|[0m [1m[94m----------------[0m [1m[94mmethod in this implementation[0m
2026-09-05T19:45:17.2791502Z [1m[94m...[0m
2026-09-05T19:45:17.2792191Z [1m[94m172[0m [1m[94m|[0m     pub fn token(&self) -> Option<&str> {
2026-09-05T19:45:17.2793017Z     [1m[94m|[0m            [1m[33m^^^^^[0m
2026-09-05T19:45:17.2793699Z     [1m[94m|[0m
2026-09-05T19:45:17.2794588Z     [1m[94m= [0m[1mnote[0m: `#[warn(dead_code)]` (part of `#[warn(unused)]`) on by default
2026-09-05T19:45:17.2795784Z 
2026-09-05T19:45:17.2796437Z [1m[33mwarning[0m[1m: methods `with_token` and `put` are never used[0m
2026-09-05T19:45:17.2797384Z    [1m[94m--> [0mcrates/cli/src/client.rs:46:12
2026-09-05T19:45:17.2798093Z     [1m[94m|[0m
2026-09-05T19:45:17.2798712Z [1m[94m 30[0m [1m[94m|[0m impl ApiClient {
2026-09-05T19:45:17.2799661Z     [1m[94m|[0m [1m[94m--------------[0m [1m[94mmethods in this implementation[0m
2026-09-05T19:45:17.2800519Z [1m[94m...[0m
2026-09-05T19:45:17.2801294Z [1m[94m 46[0m [1m[94m|[0m     pub fn with_token(mut self, token: String) -> Self {
2026-09-05T19:45:17.2802180Z     [1m[94m|[0m            [1m[33m^^^^^^^^^^[0m
2026-09-05T19:45:17.2802847Z [1m[94m...[0m
2026-09-05T19:45:17.2803890Z [1m[94m102[0m [1m[94m|[0m     pub fn put<T: DeserializeOwned, B: Serialize>(&self, path: &str, body: &B) -> Result<T> {
2026-09-05T19:45:17.2805436Z     [1m[94m|[0m            [1m[33m^^^[0m
2026-09-05T19:45:17.2805943Z 
2026-09-05T19:45:17.3055549Z [1m[33mwarning[0m: `freebuff-cli` (bin "freebuff") generated 16 warnings (run `cargo fix --bin "freebuff" -p freebuff-cli` to apply 14 suggestions)
2026-09-05T19:45:17.3566903Z [1m[33mwarning[0m[1m: unused variable: `broadcast_msg`[0m
2026-09-05T19:45:17.3567782Z   [1m[94m--> [0mcrates/cdc-service/src/broadcast.rs:53:13
2026-09-05T19:45:17.3568386Z    [1m[94m|[0m
2026-09-05T19:45:17.3569207Z [1m[94m53[0m [1m[94m|[0m         let broadcast_msg = WsMessage::Broadcast {
2026-09-05T19:45:17.3570471Z    [1m[94m|[0m             [1m[33m^^^^^^^^^^^^^[0m [1m[33mhelp: if this is intentional, prefix it with an underscore: `_broadcast_msg`[0m
2026-09-05T19:45:17.3571211Z 
2026-09-05T19:45:17.4081775Z [1m[33mwarning[0m[1m: unused variable: `project_id_clone`[0m
2026-09-05T19:45:17.4083004Z    [1m[94m--> [0mcrates/cdc-service/src/main.rs:163:9
2026-09-05T19:45:17.4083575Z     [1m[94m|[0m
2026-09-05T19:45:17.4084236Z [1m[94m163[0m [1m[94m|[0m     let project_id_clone = project_id.clone();
2026-09-05T19:45:17.4085783Z     [1m[94m|[0m         [1m[33m^^^^^^^^^^^^^^^^[0m [1m[33mhelp: if this is intentional, prefix it with an underscore: `_project_id_clone`[0m
2026-09-05T19:45:17.4086582Z 
2026-09-05T19:45:17.4103177Z [1m[33mwarning[0m[1m: unused variable: `project_id`[0m
2026-09-05T19:45:17.4103993Z    [1m[94m--> [0mcrates/cdc-service/src/main.rs:197:14
2026-09-05T19:45:17.4114760Z     [1m[94m|[0m
2026-09-05T19:45:17.4115699Z [1m[94m197[0m [1m[94m|[0m         for (project_id, conns) in connections.iter() {
2026-09-05T19:45:17.4116913Z     [1m[94m|[0m              [1m[33m^^^^^^^^^^[0m [1m[33mhelp: if this is intentional, prefix it with an underscore: `_project_id`[0m
2026-09-05T19:45:17.4117613Z 
2026-09-05T19:45:17.4221746Z [1mSome errors have detailed explanations: E0004, E0382, E0425.[0m
2026-09-05T19:45:17.4222735Z [1mFor more information about an error, try `rustc --explain E0004`.[0m
2026-09-05T19:45:17.4270472Z [1m[33mwarning[0m: `freebuff-cdc-service` (bin "freebuff-cdc-service") generated 12 warnings
2026-09-05T19:45:17.4271787Z [1m[91merror[0m: could not compile `freebuff-cdc-service` (bin "freebuff-cdc-service") due to 4 previous errors; 12 warnings emitted
2026-09-05T19:45:18.1259707Z ##[error]Process completed with exit code 101.
2026-09-05T19:45:18.1379036Z Node 20 is being deprecated. This workflow is running with Node 24 by default. If you need to temporarily use Node 20, you can set the ACTIONS_ALLOW_USE_UNSECURE_NODE_VERSION=true environment variable. For more information see: https://github.blog/changelog/2025-09-19-deprecation-of-node-20-on-github-actions-runners/
2026-09-05T19:45:18.1380344Z Post job cleanup.
2026-09-05T19:45:18.2214702Z [command]/usr/bin/git version
2026-09-05T19:45:18.2256805Z git version 2.55.0
2026-09-05T19:45:18.2295553Z Temporarily overriding HOME='/home/runner/work/_temp/18b51f90-a53e-4c0e-b953-b9bf9c8bb173' before making global git config changes
2026-09-05T19:45:18.2296860Z Adding repository directory to the temporary git global config as a safe directory
2026-09-05T19:45:18.2301021Z [command]/usr/bin/git config --global --add safe.directory /home/runner/work/freebuff/freebuff
2026-09-05T19:45:18.2340053Z [command]/usr/bin/git config --local --name-only --get-regexp core\.sshCommand
2026-09-05T19:45:18.2375648Z [command]/usr/bin/git submodule foreach --recursive sh -c "git config --local --name-only --get-regexp 'core\.sshCommand' && git config --local --unset-all 'core.sshCommand' || :"
2026-09-05T19:45:18.2620942Z [command]/usr/bin/git config --local --name-only --get-regexp http\.https\:\/\/github\.com\/\.extraheader
2026-09-05T19:45:18.2649318Z http.https://github.com/.extraheader
2026-09-05T19:45:18.2660887Z [command]/usr/bin/git config --local --unset-all http.https://github.com/.extraheader
2026-09-05T19:45:18.2706831Z [command]/usr/bin/git submodule foreach --recursive sh -c "git config --local --name-only --get-regexp 'http\.https\:\/\/github\.com\/\.extraheader' && git config --local --unset-all 'http.https://github.com/.extraheader' || :"
2026-09-05T19:45:18.2955707Z [command]/usr/bin/git config --local --name-only --get-regexp ^includeIf\.gitdir:
2026-09-05T19:45:18.2994853Z [command]/usr/bin/git submodule foreach --recursive git config --local --show-origin --name-only --get-regexp remote.origin.url
2026-09-05T19:45:18.3392811Z Cleaning up orphan processes
2026-09-05T19:45:18.3701165Z ##[warning]Node.js 20 is deprecated. The following actions target Node.js 20 but are being forced to run on Node.js 24: actions/checkout@v4. For more information see: https://github.blog/changelog/2025-09-19-deprecation-of-node-20-on-github-actions-runners/
